"Date","Price","Open","High","Low","Vol.","Change %"
"12/14/2023","1,395.5","1,434.0","1,439.5","1,389.0","27.04M","-5.00%"
"12/13/2023","1,469.0","1,476.5","1,477.0","1,456.0","14.08M","-0.58%"
"12/12/2023","1,477.5","1,501.0","1,502.0","1,477.5","11.32M","-1.14%"
"12/11/2023","1,494.5","1,496.0","1,501.0","1,486.5","14.85M","2.50%"
"12/08/2023","1,458.0","1,488.0","1,490.0","1,450.5","28.60M","-2.57%"
"12/07/2023","1,496.5","1,522.0","1,522.0","1,489.0","15.18M","-2.00%"
"12/06/2023","1,527.0","1,505.0","1,530.0","1,497.0","15.15M","2.04%"
"12/05/2023","1,496.5","1,493.0","1,509.5","1,488.5","13.75M","0.50%"
"12/04/2023","1,489.0","1,514.0","1,520.0","1,480.0","18.51M","-2.65%"
"12/01/2023","1,529.5","1,520.0","1,536.0","1,512.0","16.30M","1.36%"
"11/30/2023","1,509.0","1,509.0","1,517.0","1,492.5","26.27M","0.27%"
"11/29/2023","1,505.0","1,516.0","1,520.5","1,495.5","20.46M","-1.38%"
"11/28/2023","1,526.0","1,555.0","1,558.0","1,525.0","16.07M","-1.26%"
"11/27/2023","1,545.5","1,552.0","1,565.0","1,542.0","12.26M","-1.56%"
"11/24/2023","1,570.0","1,562.0","1,576.0","1,557.0","13.58M","1.78%"
"11/22/2023","1,542.5","1,517.0","1,554.0","1,515.0","15.17M","0.82%"
"11/21/2023","1,530.0","1,541.0","1,545.0","1,517.0","22.60M","-2.21%"
"11/20/2023","1,564.5","1,626.0","1,631.5","1,564.5","17.40M","-3.78%"
"11/17/2023","1,626.0","1,590.0","1,626.0","1,586.0","17.39M","0.93%"
"11/16/2023","1,611.0","1,605.0","1,616.5","1,598.5","11.39M","0.53%"
"11/15/2023","1,602.5","1,612.0","1,627.5","1,598.0","18.33M","0.19%"
"11/14/2023","1,599.5","1,576.5","1,601.5","1,566.5","16.93M","2.30%"
"11/13/2023","1,563.5","1,586.0","1,595.0","1,549.5","21.56M","-1.42%"
"11/10/2023","1,586.0","1,570.0","1,591.0","1,534.5","40.65M","-4.11%"
"11/09/2023","1,654.0","1,618.0","1,662.0","1,612.0","19.21M","2.86%"
"11/08/2023","1,608.0","1,624.0","1,640.0","1,605.5","21.23M","-0.37%"
"11/07/2023","1,614.0","1,623.5","1,626.0","1,609.0","12.57M","-0.43%"
"11/06/2023","1,621.0","1,613.0","1,621.0","1,597.5","27.41M","3.05%"
"11/02/2023","1,573.0","1,608.5","1,625.0","1,572.0","26.01M","0.29%"
"11/01/2023","1,568.5","1,551.0","1,569.0","1,540.5","23.90M","4.12%"
"10/31/2023","1,506.5","1,515.0","1,525.0","1,487.5","23.91M","-1.37%"
"10/30/2023","1,527.5","1,546.0","1,548.5","1,522.5","19.79M","-4.23%"
"10/27/2023","1,595.0","1,595.0","1,607.5","1,588.5","15.96M","0.06%"
"10/26/2023","1,594.0","1,614.0","1,625.0","1,588.5","15.27M","-1.64%"
"10/25/2023","1,620.5","1,639.5","1,644.0","1,620.5","10.99M","0.84%"
"10/24/2023","1,607.0","1,614.5","1,624.0","1,579.0","14.84M","-0.34%"
"10/23/2023","1,612.5","1,622.0","1,633.0","1,609.5","12.11M","-1.19%"
"10/20/2023","1,632.0","1,626.0","1,646.5","1,619.0","16.13M","-1.06%"
"10/19/2023","1,649.5","1,645.0","1,666.0","1,643.0","12.02M","-1.52%"
"10/18/2023","1,675.0","1,693.0","1,697.5","1,664.0","10.97M","-0.48%"
"10/17/2023","1,683.0","1,699.5","1,703.0","1,667.0","12.48M","1.20%"
"10/16/2023","1,663.0","1,660.0","1,666.0","1,642.0","11.28M","-1.16%"
"10/13/2023","1,682.5","1,699.0","1,702.0","1,674.0","17.44M","-2.04%"
"10/12/2023","1,717.5","1,697.0","1,719.0","1,692.5","18.78M","2.54%"
"10/11/2023","1,675.0","1,673.0","1,694.0","1,671.5","13.26M","0.96%"
"10/10/2023","1,659.0","1,650.0","1,675.0","1,635.5","13.57M","2.50%"
"10/06/2023","1,618.5","1,600.0","1,634.5","1,579.0","16.02M","1.06%"
"10/05/2023","1,601.5","1,594.5","1,607.5","1,565.5","20.62M","3.02%"
"10/04/2023","1,554.5","1,596.0","1,597.0","1,553.5","21.04M","-5.50%"
"10/03/2023","1,645.0","1,695.5","1,695.5","1,642.5","16.13M","-2.58%"
"10/02/2023","1,688.5","1,714.0","1,729.5","1,688.0","15.60M","0.39%"
"09/29/2023","1,682.0","1,732.0","1,736.0","1,680.5","21.95M","-2.80%"
"09/28/2023","1,730.5","1,740.5","1,742.0","1,709.5","15.30M","-1.23%"
"09/27/2023","1,752.0","1,733.0","1,754.7","1,696.3","28.50M","0.27%"
"09/26/2023","1,747.3","1,753.7","1,755.3","1,731.0","11.86M","-0.23%"
"09/25/2023","1,751.3","1,766.7","1,768.3","1,745.7","13.04M","-0.02%"
"09/22/2023","1,751.7","1,733.3","1,765.3","1,725.0","21.11M","-0.23%"
"09/21/2023","1,755.7","1,778.0","1,789.3","1,754.0","20.13M","-1.37%"
"09/20/2023","1,780.0","1,802.3","1,821.0","1,780.0","28.19M","-1.24%"
"09/19/2023","1,802.3","1,762.3","1,807.7","1,754.7","30.19M","2.97%"
"09/15/2023","1,750.3","1,760.0","1,781.7","1,743.3","30.98M","0.25%"
"09/14/2023","1,746.0","1,704.7","1,749.7","1,700.7","21.80M","3.50%"
"09/13/2023","1,687.0","1,680.0","1,695.3","1,672.7","15.88M","0.44%"
"09/12/2023","1,679.7","1,661.3","1,684.3","1,658.7","16.18M","1.74%"
"09/11/2023","1,651.0","1,653.3","1,662.0","1,637.7","14.13M","0.02%"
"09/08/2023","1,650.7","1,661.7","1,674.3","1,650.7","24.14M","0.43%"
"09/07/2023","1,643.7","1,653.0","1,658.3","1,643.7","16.93M","-0.58%"
"09/06/2023","1,653.3","1,635.0","1,670.7","1,635.0","21.85M","1.91%"
"09/05/2023","1,622.3","1,611.0","1,622.3","1,596.0","17.27M","0.68%"
"09/04/2023","1,611.3","1,587.3","1,611.3","1,584.7","15.83M","2.42%"
"09/01/2023","1,573.3","1,567.7","1,583.0","1,564.0","13.60M","0.36%"
"08/31/2023","1,567.7","1,554.3","1,584.7","1,552.3","22.52M","1.12%"
"08/30/2023","1,550.3","1,543.3","1,554.7","1,543.3","10.53M","0.76%"
"08/29/2023","1,538.7","1,554.7","1,555.0","1,536.7","10.40M","-0.58%"
"08/28/2023","1,547.7","1,521.7","1,548.0","1,521.0","11.61M","2.86%"
"08/25/2023","1,504.7","1,500.0","1,519.3","1,499.0","10.47M","-0.79%"
"08/24/2023","1,516.7","1,517.0","1,520.3","1,503.7","10.59M","-0.31%"
"08/23/2023","1,521.3","1,496.0","1,523.7","1,491.3","11.62M","1.56%"
"08/22/2023","1,498.0","1,495.3","1,502.0","1,483.0","11.06M","1.49%"
"08/21/2023","1,476.0","1,479.7","1,493.7","1,469.7","12.98M","0.18%"
"08/18/2023","1,473.3","1,463.3","1,482.7","1,460.3","10.78M","-0.34%"
"08/17/2023","1,478.3","1,481.0","1,484.0","1,452.0","14.04M","0.43%"
"08/16/2023","1,472.0","1,488.3","1,491.7","1,471.3","13.37M","-1.93%"
"08/15/2023","1,501.0","1,506.7","1,514.7","1,500.3","10.51M","0.45%"
"08/14/2023","1,494.3","1,553.3","1,555.0","1,482.3","22.39M","-4.01%"
"08/10/2023","1,556.7","1,551.0","1,569.0","1,540.3","34.15M","5.88%"
"08/09/2023","1,470.3","1,483.3","1,485.0","1,463.0","12.64M","-0.94%"
"08/08/2023","1,484.3","1,472.3","1,489.3","1,472.0","10.68M","1.20%"
"08/07/2023","1,466.7","1,459.7","1,471.3","1,449.3","13.46M","-0.11%"
"08/04/2023","1,468.3","1,467.7","1,477.3","1,461.3","13.53M","-0.61%"
"08/03/2023","1,477.3","1,492.3","1,493.7","1,472.7","15.65M","-2.10%"
"08/02/2023","1,509.0","1,507.3","1,538.7","1,496.0","17.28M","-1.42%"
"08/01/2023","1,530.7","1,519.3","1,536.0","1,509.0","14.52M","1.75%"
"07/31/2023","1,504.3","1,494.3","1,514.3","1,492.7","24.43M","2.56%"
"07/28/2023","1,466.7","1,452.3","1,483.0","1,440.7","19.93M","-0.41%"
"07/27/2023","1,472.7","1,475.0","1,480.3","1,466.3","15.02M","-0.38%"
"07/26/2023","1,478.3","1,479.7","1,482.7","1,471.0","11.09M","-1.03%"
"07/25/2023","1,493.7","1,488.0","1,500.7","1,473.3","13.58M","0.45%"
"07/24/2023","1,487.0","1,474.7","1,493.0","1,474.3","12.60M","1.85%"
"07/21/2023","1,460.0","1,444.0","1,461.0","1,440.7","12.05M","1.25%"
"07/20/2023","1,442.0","1,452.7","1,460.3","1,439.7","13.18M","-0.71%"
"07/19/2023","1,452.3","1,423.0","1,453.0","1,419.3","16.51M","3.24%"
"07/18/2023","1,406.7","1,393.3","1,409.7","1,391.7","11.35M","0.53%"
"07/14/2023","1,399.3","1,396.3","1,408.3","1,387.0","14.93M","0.21%"
"07/13/2023","1,396.3","1,391.0","1,403.3","1,380.3","12.11M","0.19%"
"07/12/2023","1,393.7","1,400.3","1,403.7","1,386.0","11.70M","-0.07%"
"07/11/2023","1,394.7","1,417.7","1,417.7","1,390.3","14.00M","-0.78%"
"07/10/2023","1,405.7","1,429.3","1,430.0","1,393.0","25.17M","-1.72%"
"07/07/2023","1,430.3","1,443.3","1,445.7","1,415.0","22.53M","-2.19%"
"07/06/2023","1,462.3","1,474.7","1,479.3","1,457.3","14.59M","-1.06%"
"07/05/2023","1,478.0","1,466.0","1,478.3","1,459.7","11.29M","0.43%"
"07/04/2023","1,471.7","1,480.0","1,486.0","1,467.0","11.44M","-0.47%"
"07/03/2023","1,478.7","1,466.7","1,479.3","1,461.0","14.40M","2.19%"
"06/30/2023","1,447.0","1,460.3","1,463.0","1,437.3","18.81M","-0.91%"
"06/29/2023","1,460.3","1,480.3","1,483.7","1,455.3","13.15M","-0.46%"
"06/28/2023","1,467.0","1,455.0","1,467.0","1,445.3","13.61M","2.25%"
"06/27/2023","1,434.7","1,449.0","1,449.7","1,424.0","11.62M","0.05%"
"06/26/2023","1,434.0","1,431.3","1,446.3","1,428.7","12.30M","-0.92%"
"06/23/2023","1,447.3","1,482.0","1,484.7","1,435.3","16.22M","-1.63%"
"06/22/2023","1,471.3","1,478.3","1,489.7","1,467.0","13.58M","-0.25%"
"06/21/2023","1,475.0","1,444.3","1,481.7","1,439.3","17.97M","1.40%"
"06/20/2023","1,454.7","1,457.0","1,462.3","1,445.0","16.17M","-0.70%"
"06/19/2023","1,465.0","1,478.0","1,480.0","1,457.7","18.71M","-1.33%"
"06/16/2023","1,484.7","1,483.3","1,488.7","1,465.0","31.80M","-1.26%"
"06/15/2023","1,503.7","1,494.0","1,510.3","1,482.3","22.49M","-0.55%"
"06/14/2023","1,512.0","1,483.3","1,527.7","1,483.3","28.59M","3.58%"
"06/13/2023","1,459.7","1,443.3","1,471.3","1,442.3","18.94M","1.91%"
"06/12/2023","1,432.3","1,429.3","1,442.7","1,424.7","13.41M","1.13%"
"06/09/2023","1,416.3","1,400.0","1,419.3","1,392.3","19.07M","2.43%"
"06/08/2023","1,382.7","1,400.0","1,404.7","1,376.0","14.11M","-0.31%"
"06/07/2023","1,387.0","1,425.0","1,432.3","1,385.0","19.00M","-2.03%"
"06/06/2023","1,415.7","1,387.3","1,416.3","1,380.7","14.50M","1.48%"
"06/05/2023","1,395.0","1,379.3","1,397.3","1,379.0","17.66M","3.20%"
"06/02/2023","1,351.7","1,334.7","1,354.3","1,332.3","13.90M","1.94%"
"06/01/2023","1,326.0","1,330.0","1,334.7","1,316.0","15.29M","-0.67%"
"05/31/2023","1,335.0","1,333.7","1,345.0","1,325.7","46.45M","-1.62%"
"05/30/2023","1,357.0","1,341.7","1,362.7","1,336.3","13.78M","1.14%"
"05/29/2023","1,341.7","1,358.7","1,364.7","1,341.3","14.02M","1.28%"
"05/26/2023","1,324.7","1,337.0","1,349.0","1,321.0","15.47M","-0.53%"
"05/25/2023","1,331.7","1,326.3","1,340.7","1,321.7","19.01M","0.94%"
"05/24/2023","1,319.3","1,316.7","1,326.0","1,314.7","13.07M","-0.26%"
"05/23/2023","1,322.7","1,328.3","1,341.7","1,314.3","18.73M","0.15%"
"05/22/2023","1,320.7","1,299.7","1,322.0","1,295.7","16.75M","1.44%"
"05/19/2023","1,302.0","1,313.3","1,323.0","1,298.3","13.50M","0.36%"
"05/18/2023","1,297.3","1,300.0","1,305.0","1,290.7","14.70M","1.69%"
"05/17/2023","1,275.7","1,266.0","1,287.7","1,263.3","17.34M","0.71%"
"05/16/2023","1,266.7","1,259.0","1,271.3","1,254.0","18.69M","1.36%"
"05/15/2023","1,249.7","1,257.3","1,283.0","1,249.7","17.55M","0.22%"
"05/12/2023","1,247.0","1,233.3","1,258.7","1,224.7","38.89M","4.44%"
"05/11/2023","1,194.0","1,213.0","1,214.7","1,186.0","14.28M","-1.95%"
"05/10/2023","1,217.7","1,224.0","1,227.7","1,210.3","12.10M","-0.13%"
"05/09/2023","1,219.3","1,208.0","1,222.7","1,203.3","12.32M","1.30%"
"05/08/2023","1,203.7","1,196.7","1,209.3","1,192.0","12.05M","-0.27%"
"05/02/2023","1,207.0","1,206.7","1,209.0","1,195.7","8.62M","0.00%"
"05/01/2023","1,207.0","1,204.7","1,211.3","1,196.3","10.39M","0.92%"
"04/28/2023","1,196.0","1,185.0","1,196.0","1,178.0","15.05M","2.07%"
"04/27/2023","1,171.7","1,165.3","1,173.0","1,158.0","10.44M","1.12%"
"04/26/2023","1,158.7","1,159.0","1,166.7","1,156.0","9.17M","-0.74%"
"04/25/2023","1,167.3","1,167.3","1,174.3","1,165.0","7.97M","0.28%"
"04/24/2023","1,164.0","1,161.3","1,171.3","1,160.7","7.07M","0.32%"
"04/21/2023","1,160.3","1,158.0","1,166.7","1,155.0","11.76M","-1.61%"
"04/20/2023","1,179.3","1,178.3","1,181.0","1,169.3","7.77M","-0.40%"
"04/19/2023","1,184.0","1,182.3","1,185.3","1,177.0","9.20M","0.11%"
"04/18/2023","1,182.7","1,182.3","1,189.3","1,177.0","10.14M","0.85%"
"04/17/2023","1,172.7","1,173.3","1,175.0","1,163.7","8.53M","1.18%"
"04/14/2023","1,159.0","1,174.7","1,174.7","1,158.3","14.96M","-1.36%"
"04/13/2023","1,175.0","1,175.0","1,179.0","1,169.3","8.28M","-0.40%"
"04/12/2023","1,179.7","1,183.7","1,187.3","1,176.7","9.27M","0.51%"
"04/11/2023","1,173.7","1,168.7","1,180.0","1,165.3","11.81M","0.89%"
"04/10/2023","1,163.3","1,169.7","1,175.3","1,159.3","10.70M","0.35%"
"04/07/2023","1,159.3","1,144.7","1,165.3","1,144.3","10.12M","0.78%"
"04/06/2023","1,150.3","1,161.7","1,163.3","1,150.3","13.52M","-1.79%"
"04/05/2023","1,171.3","1,181.3","1,189.0","1,168.7","14.58M","-2.23%"
"04/04/2023","1,198.0","1,179.3","1,199.0","1,177.0","16.99M","1.04%"
"04/03/2023","1,185.7","1,177.0","1,185.7","1,172.7","14.24M","1.34%"
"03/31/2023","1,170.0","1,160.3","1,174.7","1,156.3","19.76M","1.21%"
"03/30/2023","1,156.0","1,149.7","1,165.0","1,145.3","15.13M","-0.11%"
"03/29/2023","1,157.3","1,134.7","1,157.3","1,133.3","14.74M","2.60%"
"03/28/2023","1,128.0","1,141.0","1,144.0","1,123.7","12.76M","-0.20%"
"03/27/2023","1,130.3","1,128.0","1,135.3","1,120.7","9.76M","0.62%"
"03/24/2023","1,123.3","1,119.0","1,126.3","1,116.7","12.92M","-0.62%"
"03/23/2023","1,130.3","1,122.0","1,136.0","1,118.0","12.55M","-0.41%"
"03/22/2023","1,135.0","1,126.0","1,141.3","1,119.0","17.25M","2.93%"
"03/20/2023","1,102.7","1,109.3","1,118.3","1,102.3","13.44M","-1.54%"
"03/17/2023","1,120.0","1,121.7","1,127.7","1,112.0","21.64M","-0.15%"
"03/16/2023","1,121.7","1,099.0","1,124.3","1,096.3","16.42M","-0.91%"
"03/15/2023","1,132.0","1,142.3","1,142.7","1,122.3","16.89M","1.04%"
"03/14/2023","1,120.3","1,127.0","1,128.7","1,108.7","23.60M","-4.17%"
"03/13/2023","1,169.0","1,185.7","1,189.0","1,163.7","16.43M","-2.93%"
"03/10/2023","1,204.3","1,215.7","1,218.0","1,199.3","20.14M","-1.50%"
"03/09/2023","1,222.7","1,217.0","1,226.0","1,214.7","14.20M","0.97%"
"03/08/2023","1,211.0","1,208.3","1,219.3","1,206.3","13.12M","0.08%"
"03/07/2023","1,210.0","1,198.3","1,213.7","1,194.7","12.40M","0.31%"
"03/06/2023","1,206.3","1,208.3","1,212.3","1,199.0","15.49M","0.92%"
"03/03/2023","1,195.3","1,180.7","1,202.3","1,180.7","16.64M","1.27%"
"03/02/2023","1,180.3","1,188.7","1,199.0","1,179.3","17.33M","-1.06%"
"03/01/2023","1,193.0","1,176.7","1,200.0","1,176.3","13.37M","1.04%"
"02/28/2023","1,180.7","1,193.3","1,205.0","1,180.3","25.27M","0.08%"
"02/27/2023","1,179.7","1,182.3","1,191.3","1,178.3","13.68M","0.60%"
"02/24/2023","1,172.7","1,179.3","1,185.0","1,171.7","17.39M","0.69%"
"02/22/2023","1,164.7","1,167.0","1,172.0","1,159.7","15.73M","-1.10%"
"02/21/2023","1,177.7","1,156.7","1,182.3","1,155.3","17.99M","2.12%"
"02/20/2023","1,153.3","1,156.0","1,158.0","1,148.3","12.69M","0.64%"
"02/17/2023","1,146.0","1,123.7","1,146.0","1,122.0","14.63M","1.30%"
"02/16/2023","1,131.3","1,126.7","1,136.3","1,123.7","15.25M","1.16%"
"02/15/2023","1,118.3","1,117.7","1,124.0","1,115.0","13.83M","0.81%"
"02/14/2023","1,109.3","1,121.3","1,124.0","1,101.7","12.85M","0.30%"
"02/13/2023","1,106.0","1,090.0","1,111.7","1,089.0","28.60M","4.54%"
"02/10/2023","1,058.0","1,066.7","1,069.7","1,057.3","13.75M","-0.82%"
"02/09/2023","1,066.7","1,067.3","1,071.0","1,061.7","12.52M","-0.31%"
"02/08/2023","1,070.0","1,082.3","1,085.7","1,068.3","14.11M","-1.54%"
"02/07/2023","1,086.7","1,094.7","1,096.0","1,080.7","11.26M","0.06%"
"02/06/2023","1,086.0","1,090.7","1,096.3","1,085.7","15.42M","1.88%"
"02/03/2023","1,066.0","1,067.3","1,075.0","1,061.3","9.71M","-0.07%"
"02/02/2023","1,066.7","1,078.7","1,078.7","1,063.0","11.07M","-1.17%"
"02/01/2023","1,079.3","1,076.7","1,083.7","1,071.0","13.88M","0.96%"
"01/31/2023","1,069.0","1,072.7","1,076.0","1,065.7","12.06M","0.54%"
"01/30/2023","1,063.3","1,063.0","1,069.0","1,058.3","11.41M","0.53%"
"01/27/2023","1,057.7","1,051.3","1,057.7","1,043.3","14.26M","1.12%"
"01/26/2023","1,046.0","1,041.0","1,053.0","1,041.0","11.21M","-0.29%"
"01/25/2023","1,049.0","1,041.7","1,049.0","1,039.3","10.78M","0.58%"
"01/24/2023","1,043.0","1,046.7","1,048.0","1,036.7","13.50M","1.16%"
"01/23/2023","1,031.0","1,037.0","1,038.3","1,030.0","8.84M","0.78%"
"01/20/2023","1,023.0","1,016.7","1,023.0","1,014.7","9.86M","0.52%"
"01/19/2023","1,017.7","1,017.0","1,023.7","1,013.7","13.29M","-2.24%"
"01/18/2023","1,041.0","1,031.0","1,056.7","1,021.7","16.39M","0.94%"
"01/17/2023","1,031.3","1,016.0","1,037.3","1,016.0","11.60M","1.91%"
"01/16/2023","1,012.0","1,000.0","1,012.0","996.8","13.22M","-1.01%"
"01/13/2023","1,022.3","1,034.7","1,042.7","1,020.3","14.35M","-1.73%"
"01/12/2023","1,040.3","1,045.0","1,049.7","1,036.7","11.57M","-0.61%"
"01/11/2023","1,046.7","1,045.7","1,049.7","1,040.7","14.90M","-0.53%"
"01/10/2023","1,052.3","1,061.7","1,067.7","1,043.0","18.77M","1.09%"
"01/06/2023","1,041.0","1,028.0","1,046.3","1,027.0","14.92M","1.93%"
"01/05/2023","1,021.3","1,028.0","1,034.3","1,015.3","13.97M","0.72%"
"01/04/2023","1,014.0","1,010.3","1,018.3","1,003.3","14.17M","0.33%"
"12/30/2022","1,010.7","1,013.3","1,019.3","1,010.7","10.84M","-0.06%"
"12/29/2022","1,011.3","1,006.0","1,011.3","1,000.3","9.96M","-0.24%"
"12/28/2022","1,013.7","1,014.3","1,018.3","1,008.7","10.91M","-0.06%"
"12/27/2022","1,014.3","1,029.7","1,032.7","1,012.3","9.50M","-1.17%"
"12/26/2022","1,026.3","1,020.3","1,030.3","1,020.0","5.53M","1.11%"
"12/23/2022","1,015.0","1,011.7","1,017.3","1,006.0","16.21M","-1.36%"
"12/22/2022","1,029.0","1,033.3","1,042.0","1,026.0","14.94M","1.61%"
"12/21/2022","1,012.7","1,033.0","1,033.7","1,008.3","23.54M","-2.62%"
"12/20/2022","1,040.0","1,083.3","1,084.7","1,035.0","21.82M","-3.05%"
"12/19/2022","1,072.7","1,076.3","1,079.7","1,068.7","11.93M","-1.50%"
"12/16/2022","1,089.0","1,094.3","1,099.3","1,088.0","12.71M","-1.00%"
"12/15/2022","1,100.0","1,088.7","1,105.0","1,087.0","10.40M","-0.57%"
"12/14/2022","1,106.3","1,093.3","1,106.3","1,090.3","8.85M","0.57%"
"12/13/2022","1,100.0","1,103.3","1,111.0","1,100.0","10.00M","1.20%"
"12/12/2022","1,087.0","1,085.3","1,094.0","1,084.0","8.60M","0.12%"
"12/09/2022","1,085.7","1,082.3","1,097.7","1,082.3","11.27M","-0.21%"
"12/08/2022","1,088.0","1,083.0","1,090.0","1,078.0","11.97M","-0.70%"
"12/07/2022","1,095.7","1,085.7","1,099.3","1,084.7","10.96M","0.50%"
"12/06/2022","1,090.3","1,097.0","1,097.3","1,079.7","11.66M","0.83%"
"12/05/2022","1,081.3","1,090.7","1,092.0","1,077.7","11.94M","-0.86%"
"12/02/2022","1,090.7","1,106.7","1,106.7","1,082.7","13.82M","-1.85%"
"12/01/2022","1,111.3","1,120.0","1,120.7","1,107.7","11.04M","-0.66%"
"11/30/2022","1,118.7","1,103.3","1,118.7","1,098.3","23.23M","1.70%"
"11/29/2022","1,100.0","1,108.3","1,113.3","1,097.3","13.73M","-1.55%"
"11/28/2022","1,117.3","1,129.3","1,132.3","1,110.7","10.81M","-0.53%"
"11/25/2022","1,123.3","1,126.3","1,128.0","1,120.3","7.54M","-0.24%"
"11/24/2022","1,126.0","1,131.3","1,135.3","1,124.3","11.25M","-0.09%"
"11/22/2022","1,127.0","1,123.0","1,137.3","1,122.7","11.25M","0.99%"
"11/21/2022","1,116.0","1,118.0","1,122.3","1,110.7","8.72M","0.45%"
"11/18/2022","1,111.0","1,111.3","1,115.7","1,108.3","9.02M","0.97%"
"11/17/2022","1,100.3","1,102.3","1,110.3","1,099.3","8.33M","-0.36%"
"11/16/2022","1,104.3","1,105.3","1,109.0","1,097.3","11.33M","-0.54%"
"11/15/2022","1,110.3","1,099.3","1,114.0","1,098.3","12.35M","0.91%"
"11/14/2022","1,100.3","1,109.0","1,112.0","1,100.0","17.51M","-1.03%"
"11/11/2022","1,111.7","1,118.0","1,119.3","1,101.7","19.28M","1.40%"
"11/10/2022","1,096.3","1,082.7","1,097.3","1,079.3","30.40M","-4.03%"
"11/09/2022","1,142.3","1,147.3","1,153.7","1,138.0","12.30M","-0.70%"
"11/08/2022","1,150.3","1,150.3","1,158.3","1,139.0","12.67M","1.44%"
"11/07/2022","1,134.0","1,143.3","1,147.3","1,128.7","10.44M","0.51%"
"11/04/2022","1,128.3","1,138.0","1,140.3","1,120.3","17.01M","-1.46%"
"11/02/2022","1,145.0","1,132.7","1,145.0","1,131.3","9.79M","1.03%"
"11/01/2022","1,133.3","1,133.3","1,140.0","1,128.3","10.30M","0.80%"
"10/31/2022","1,124.3","1,115.0","1,126.0","1,114.7","11.10M","1.63%"
"10/28/2022","1,106.3","1,104.0","1,113.3","1,097.7","20.72M","0.55%"
"10/27/2022","1,100.3","1,117.0","1,119.7","1,099.3","11.15M","-1.79%"
"10/26/2022","1,120.3","1,112.7","1,124.0","1,112.0","15.38M","0.93%"
"10/25/2022","1,110.0","1,091.3","1,111.3","1,089.3","13.76M","2.21%"
"10/24/2022","1,086.0","1,096.3","1,099.0","1,085.0","11.50M","0.03%"
"10/21/2022","1,085.7","1,087.7","1,089.7","1,079.7","10.69M","-0.18%"
"10/20/2022","1,087.7","1,086.3","1,093.7","1,083.7","15.52M","-0.87%"
"10/19/2022","1,097.3","1,088.7","1,097.3","1,086.7","12.95M","0.79%"
"10/18/2022","1,088.7","1,100.0","1,103.0","1,083.0","15.99M","-0.27%"
"10/17/2022","1,091.7","1,089.7","1,092.0","1,083.3","11.35M","-0.12%"
"10/14/2022","1,093.0","1,087.7","1,100.0","1,082.7","16.47M","1.65%"
"10/13/2022","1,075.3","1,067.7","1,079.7","1,064.0","14.05M","0.97%"
"10/12/2022","1,065.0","1,074.0","1,078.0","1,064.0","16.67M","-0.84%"
"10/11/2022","1,074.0","1,076.7","1,089.0","1,066.7","18.18M","-2.10%"
"10/07/2022","1,097.0","1,087.3","1,101.3","1,085.0","13.18M","-0.90%"
"10/06/2022","1,107.0","1,094.0","1,114.0","1,092.0","14.73M","0.85%"
"10/05/2022","1,097.7","1,106.7","1,108.0","1,096.0","16.60M","0.43%"
"10/04/2022","1,093.0","1,087.0","1,095.0","1,077.3","17.72M","2.15%"
"10/03/2022","1,070.0","1,047.3","1,072.0","1,047.3","17.79M","2.32%"
"09/30/2022","1,045.7","1,077.7","1,083.3","1,041.3","27.72M","-3.95%"
"09/29/2022","1,088.7","1,099.7","1,100.3","1,074.7","17.60M","-1.14%"
"09/28/2022","1,101.3","1,107.3","1,110.7","1,088.0","18.84M","-1.52%"
"09/27/2022","1,118.3","1,116.0","1,130.7","1,114.3","17.10M","1.60%"
"09/26/2022","1,100.7","1,130.0","1,133.7","1,094.7","22.74M","-5.01%"
"09/22/2022","1,158.7","1,158.7","1,162.0","1,145.3","15.47M","-0.03%"
"09/21/2022","1,159.0","1,168.3","1,174.3","1,157.3","23.87M","-1.92%"
"09/20/2022","1,181.7","1,186.0","1,193.3","1,178.0","20.19M","0.57%"
"09/16/2022","1,175.0","1,179.3","1,186.0","1,169.0","23.13M","-1.45%"
"09/15/2022","1,192.3","1,197.0","1,203.0","1,187.3","16.81M","-0.58%"
"09/14/2022","1,199.3","1,219.0","1,224.3","1,199.0","16.44M","-1.51%"
"09/13/2022","1,217.7","1,224.3","1,228.3","1,206.0","14.06M","-1.64%"
"09/12/2022","1,238.0","1,238.0","1,242.7","1,230.3","8.85M","0.92%"
"09/09/2022","1,226.7","1,215.3","1,230.0","1,212.7","18.53M","0.55%"
"09/08/2022","1,220.0","1,213.3","1,223.7","1,210.3","19.77M","0.25%"
"09/07/2022","1,217.0","1,217.0","1,227.3","1,211.0","16.43M","0.80%"
"09/06/2022","1,207.3","1,195.3","1,211.0","1,191.0","11.48M","0.05%"
"09/05/2022","1,206.7","1,215.3","1,221.0","1,205.0","10.05M","-1.44%"
"09/02/2022","1,224.3","1,215.3","1,224.7","1,215.3","13.06M","0.49%"
"09/01/2022","1,218.3","1,225.0","1,227.3","1,211.0","15.82M","-1.85%"
"08/31/2022","1,241.3","1,221.7","1,244.3","1,221.0","20.21M","0.65%"
"08/30/2022","1,233.3","1,240.0","1,251.7","1,225.0","11.80M","0.84%"
"08/29/2022","1,223.0","1,201.3","1,226.0","1,201.0","12.03M","0.41%"
"08/26/2022","1,218.0","1,225.3","1,230.0","1,215.7","7.23M","0.11%"
"08/25/2022","1,216.7","1,227.3","1,231.7","1,213.7","8.16M","-0.73%"
"08/24/2022","1,225.7","1,232.3","1,235.7","1,222.3","13.50M","0.71%"
"08/23/2022","1,217.0","1,221.0","1,228.7","1,211.7","11.68M","-1.93%"
"08/22/2022","1,241.0","1,232.7","1,245.7","1,227.7","11.00M","0.27%"
"08/19/2022","1,237.7","1,230.0","1,240.0","1,229.0","11.92M","1.26%"
"08/18/2022","1,222.3","1,233.3","1,233.3","1,220.7","9.49M","-0.87%"
"08/17/2022","1,233.0","1,210.0","1,233.3","1,209.7","15.40M","2.81%"
"08/16/2022","1,199.3","1,186.3","1,202.7","1,185.7","11.45M","-0.86%"
"08/15/2022","1,209.7","1,191.0","1,211.0","1,188.3","14.06M","2.02%"
"08/12/2022","1,185.7","1,183.0","1,191.3","1,172.0","27.87M","3.83%"
"08/10/2022","1,142.0","1,126.7","1,142.7","1,124.3","12.72M","1.12%"
"08/09/2022","1,129.3","1,124.0","1,134.0","1,122.0","8.88M","-0.26%"
"08/08/2022","1,132.3","1,123.3","1,137.3","1,117.0","9.82M","0.77%"
"08/05/2022","1,123.7","1,113.0","1,126.7","1,107.0","15.53M","-1.00%"
"08/04/2022","1,135.0","1,154.3","1,156.0","1,128.3","9.58M","-0.70%"
"08/03/2022","1,143.0","1,135.3","1,143.3","1,129.0","13.21M","-0.58%"
"08/02/2022","1,149.7","1,149.0","1,158.0","1,139.7","11.38M","-0.78%"
"08/01/2022","1,158.7","1,140.0","1,158.7","1,136.3","12.39M","2.60%"
"07/29/2022","1,129.3","1,145.0","1,147.7","1,122.3","14.65M","-1.43%"
"07/28/2022","1,145.7","1,145.0","1,153.0","1,140.7","12.11M","-0.03%"
"07/27/2022","1,146.0","1,143.7","1,147.0","1,135.7","11.80M","-1.10%"
"07/26/2022","1,158.7","1,163.3","1,173.0","1,156.0","7.45M","0.15%"
"07/25/2022","1,157.0","1,141.3","1,164.0","1,139.0","11.58M","0.09%"
"07/22/2022","1,156.0","1,161.3","1,162.7","1,153.7","14.71M","-1.56%"
"07/21/2022","1,174.3","1,169.7","1,175.7","1,162.7","10.91M","-0.34%"
"07/20/2022","1,178.3","1,161.7","1,178.3","1,157.3","21.11M","2.97%"
"07/19/2022","1,144.3","1,143.7","1,152.0","1,137.3","10.84M","1.78%"
"07/15/2022","1,124.3","1,121.0","1,128.7","1,112.3","13.80M","0.92%"
"07/14/2022","1,114.0","1,103.7","1,118.0","1,098.7","9.47M","0.21%"
"07/13/2022","1,111.7","1,104.0","1,119.0","1,103.0","15.89M","2.49%"
"07/12/2022","1,084.7","1,107.0","1,107.7","1,083.7","9.35M","-1.77%"
"07/11/2022","1,104.3","1,103.3","1,108.7","1,099.7","12.87M","1.94%"
"07/08/2022","1,083.3","1,079.0","1,095.3","1,076.7","18.33M","1.34%"
"07/07/2022","1,069.0","1,066.0","1,076.3","1,057.7","12.21M","1.45%"
"07/06/2022","1,053.7","1,059.7","1,061.3","1,044.7","17.36M","-1.31%"
"07/05/2022","1,067.7","1,080.0","1,080.3","1,067.0","9.95M","-0.68%"
"07/04/2022","1,075.0","1,074.0","1,081.0","1,067.7","10.10M","1.01%"
"07/01/2022","1,064.3","1,090.7","1,094.3","1,058.7","15.43M","-3.04%"
"06/30/2022","1,097.7","1,111.0","1,112.7","1,094.3","17.33M","-1.70%"
"06/29/2022","1,116.7","1,134.3","1,139.3","1,116.7","17.36M","-0.94%"
"06/28/2022","1,127.3","1,106.0","1,129.0","1,102.3","14.28M","2.36%"
"06/27/2022","1,101.3","1,117.7","1,119.7","1,100.0","11.79M","-0.49%"
"06/24/2022","1,106.7","1,106.7","1,109.7","1,100.7","10.64M","-1.43%"
"06/23/2022","1,122.7","1,115.3","1,129.3","1,112.3","11.04M","-0.88%"
"06/22/2022","1,132.7","1,134.3","1,148.7","1,131.3","18.88M","2.14%"
"06/21/2022","1,109.0","1,104.7","1,116.0","1,097.7","13.63M","1.40%"
"06/20/2022","1,093.7","1,109.0","1,110.3","1,088.7","10.73M","0.62%"
"06/17/2022","1,087.0","1,076.3","1,090.0","1,072.3","19.70M","-2.69%"
"06/16/2022","1,117.0","1,109.3","1,134.7","1,107.3","11.65M","1.39%"
"06/15/2022","1,101.7","1,105.0","1,113.3","1,100.7","12.06M","0.55%"
"06/14/2022","1,095.7","1,077.0","1,103.0","1,076.7","16.68M","-0.15%"
"06/13/2022","1,097.3","1,102.3","1,107.0","1,094.0","12.99M","-3.13%"
"06/10/2022","1,132.7","1,137.3","1,138.7","1,125.7","12.65M","-0.49%"
"06/09/2022","1,138.3","1,131.0","1,151.3","1,129.0","16.80M","0.62%"
"06/08/2022","1,131.3","1,118.3","1,131.3","1,118.3","11.92M","0.35%"
"06/07/2022","1,127.3","1,122.3","1,133.0","1,120.0","12.88M","2.51%"
"06/06/2022","1,099.7","1,087.7","1,101.3","1,085.0","9.19M","0.00%"
"06/03/2022","1,099.7","1,120.0","1,120.0","1,095.0","11.33M","-0.99%"
"06/02/2022","1,110.7","1,111.0","1,111.3","1,088.0","10.97M","0.24%"
"06/01/2022","1,108.0","1,085.3","1,108.0","1,081.7","18.42M","4.30%"
"05/31/2022","1,062.3","1,046.7","1,068.0","1,046.7","20.58M","0.09%"
"05/30/2022","1,061.3","1,053.3","1,063.3","1,051.3","12.69M","1.27%"
"05/27/2022","1,048.0","1,059.7","1,059.7","1,042.3","12.39M","0.51%"
"05/26/2022","1,042.7","1,043.7","1,048.7","1,036.7","15.55M","0.71%"
"05/25/2022","1,035.3","1,038.7","1,049.3","1,033.7","18.00M","-2.21%"
"05/24/2022","1,058.7","1,072.3","1,074.7","1,056.3","12.12M","-0.90%"
"05/23/2022","1,068.3","1,076.0","1,077.3","1,062.7","12.53M","-0.41%"
"05/20/2022","1,072.7","1,073.7","1,076.0","1,065.7","11.66M","0.63%"
"05/19/2022","1,066.0","1,046.7","1,067.7","1,042.7","15.11M","-0.65%"
"05/18/2022","1,073.0","1,067.0","1,082.3","1,064.3","16.72M","1.35%"
"05/17/2022","1,058.7","1,067.0","1,069.7","1,046.7","13.92M","0.04%"
"05/16/2022","1,058.3","1,070.0","1,084.0","1,055.3","24.83M","-4.37%"
"05/13/2022","1,106.7","1,100.0","1,107.3","1,078.0","16.62M","2.19%"
"05/12/2022","1,083.0","1,084.7","1,097.3","1,068.0","16.21M","0.06%"
"05/11/2022","1,082.3","1,110.3","1,115.7","1,075.0","18.60M","-3.05%"
"05/10/2022","1,116.3","1,124.7","1,132.3","1,105.7","13.39M","-1.33%"
"05/09/2022","1,131.3","1,158.3","1,158.3","1,129.0","13.05M","-2.20%"
"05/06/2022","1,156.7","1,159.3","1,161.3","1,147.3","13.28M","1.11%"
"05/02/2022","1,144.0","1,143.3","1,161.7","1,142.7","15.62M","0.38%"
"04/28/2022","1,139.7","1,106.7","1,141.0","1,100.7","15.27M","3.89%"
"04/27/2022","1,097.0","1,107.0","1,111.0","1,097.0","16.14M","-3.18%"
"04/26/2022","1,133.0","1,125.0","1,140.7","1,121.3","13.93M","0.68%"
"04/25/2022","1,125.3","1,100.3","1,131.7","1,097.3","13.02M","-0.09%"
"04/22/2022","1,126.3","1,136.7","1,138.0","1,122.3","10.19M","-1.61%"
"04/21/2022","1,144.7","1,122.0","1,148.3","1,122.0","9.92M","0.03%"
"04/20/2022","1,144.3","1,126.7","1,152.0","1,123.7","15.87M","3.58%"
"04/19/2022","1,104.7","1,102.0","1,107.7","1,091.7","10.22M","1.79%"
"04/18/2022","1,085.3","1,079.3","1,087.7","1,071.0","7.87M","-1.13%"
"04/15/2022","1,097.7","1,090.3","1,101.0","1,086.3","7.57M","0.68%"
"04/14/2022","1,090.3","1,076.7","1,092.0","1,070.0","7.21M","0.30%"
"04/13/2022","1,087.0","1,084.0","1,088.3","1,072.7","13.14M","0.99%"
"04/12/2022","1,076.3","1,082.0","1,087.0","1,072.7","11.13M","-0.16%"
"04/11/2022","1,078.0","1,071.3","1,080.7","1,069.0","11.21M","0.68%"
"04/08/2022","1,070.7","1,072.3","1,074.7","1,056.3","16.97M","-0.15%"
"04/07/2022","1,072.3","1,087.3","1,091.3","1,055.7","26.26M","-4.32%"
"04/06/2022","1,120.7","1,138.7","1,139.3","1,118.0","13.20M","-2.15%"
"04/05/2022","1,145.3","1,156.3","1,158.3","1,140.7","10.31M","-0.56%"
"04/04/2022","1,151.7","1,150.0","1,156.7","1,140.0","8.59M","-0.26%"
"04/01/2022","1,154.7","1,149.3","1,156.7","1,134.7","13.23M","-0.65%"
"03/31/2022","1,162.3","1,155.0","1,178.7","1,149.7","14.17M","-0.57%"
"03/30/2022","1,169.0","1,183.0","1,185.7","1,153.3","14.66M","-1.54%"
"03/29/2022","1,187.3","1,174.0","1,187.7","1,166.7","17.26M","2.27%"
"03/28/2022","1,161.0","1,158.0","1,166.0","1,138.0","10.98M","0.78%"
"03/25/2022","1,152.0","1,157.0","1,160.3","1,143.7","13.38M","0.50%"
"03/24/2022","1,146.3","1,141.7","1,148.3","1,131.3","17.63M","-1.55%"
"03/23/2022","1,164.3","1,142.7","1,167.7","1,142.7","15.58M","2.88%"
"03/22/2022","1,131.7","1,133.3","1,139.0","1,119.3","19.99M","1.59%"
"03/18/2022","1,114.0","1,111.3","1,115.3","1,103.3","19.67M","-0.56%"
"03/17/2022","1,120.3","1,111.0","1,123.0","1,099.3","15.11M","2.87%"
"03/16/2022","1,089.0","1,071.7","1,090.3","1,070.0","16.49M","3.06%"
"03/15/2022","1,056.7","1,042.7","1,071.3","1,042.7","12.96M","0.71%"
"03/14/2022","1,049.3","1,047.7","1,057.7","1,043.0","9.67M","1.06%"
"03/11/2022","1,038.3","1,052.7","1,055.0","1,033.7","14.88M","-2.81%"
"03/10/2022","1,068.3","1,057.7","1,075.3","1,054.3","15.30M","4.43%"
"03/09/2022","1,023.0","1,027.7","1,041.7","1,018.7","14.89M","0.82%"
"03/08/2022","1,014.7","1,031.7","1,045.0","1,014.3","20.82M","-2.18%"
"03/07/2022","1,037.3","1,064.7","1,073.0","1,019.3","21.40M","-3.21%"
"03/04/2022","1,071.7","1,102.0","1,106.0","1,067.0","19.87M","-4.46%"
"03/03/2022","1,121.7","1,135.0","1,143.0","1,121.3","13.92M","0.27%"
"03/02/2022","1,118.7","1,144.7","1,144.7","1,116.0","13.78M","-4.49%"
"03/01/2022","1,171.3","1,189.7","1,194.3","1,168.3","11.16M","-0.31%"
"02/28/2022","1,175.0","1,178.0","1,190.3","1,170.3","13.63M","-0.20%"
"02/25/2022","1,177.3","1,174.3","1,185.0","1,168.3","10.50M","-0.25%"
"02/24/2022","1,180.3","1,196.7","1,203.0","1,170.0","15.17M","-1.21%"
"02/22/2022","1,194.7","1,201.3","1,209.3","1,190.0","9.41M","-2.13%"
"02/21/2022","1,220.7","1,215.0","1,224.3","1,208.7","7.22M","-0.68%"
"02/18/2022","1,229.0","1,219.0","1,239.3","1,213.7","9.64M","0.16%"
"02/17/2022","1,227.0","1,230.0","1,241.0","1,223.3","13.27M","-0.83%"
"02/16/2022","1,237.3","1,233.3","1,241.3","1,227.3","16.03M","3.08%"
"02/15/2022","1,200.3","1,190.3","1,204.7","1,185.0","13.84M","0.72%"
"02/14/2022","1,191.7","1,209.3","1,216.3","1,182.0","15.47M","-1.05%"
"02/10/2022","1,204.3","1,200.0","1,228.3","1,199.0","29.06M","5.61%"
"02/09/2022","1,140.3","1,148.0","1,154.0","1,140.3","10.40M","0.35%"
"02/08/2022","1,136.3","1,135.3","1,150.7","1,134.3","7.72M","0.18%"
"02/07/2022","1,134.3","1,140.0","1,143.7","1,127.3","8.99M","-1.25%"
"02/04/2022","1,148.7","1,159.0","1,159.3","1,136.7","8.61M","-0.11%"
"02/03/2022","1,150.0","1,138.3","1,156.3","1,134.0","11.85M","2.25%"
"02/02/2022","1,124.7","1,111.3","1,131.3","1,110.0","10.99M","2.22%"
"02/01/2022","1,100.3","1,110.0","1,115.3","1,098.0","12.23M","-1.58%"
"01/31/2022","1,118.0","1,110.0","1,120.0","1,094.7","10.78M","-0.06%"
"01/28/2022","1,118.7","1,106.7","1,126.0","1,106.7","11.72M","1.42%"
"01/27/2022","1,103.0","1,131.3","1,139.7","1,100.3","16.32M","-0.93%"
"01/26/2022","1,113.3","1,129.7","1,136.0","1,112.0","12.15M","-1.74%"
"01/25/2022","1,133.0","1,121.7","1,134.7","1,117.0","12.44M","0.42%"
"01/24/2022","1,128.3","1,137.0","1,137.3","1,122.7","10.15M","-1.52%"
"01/21/2022","1,145.7","1,124.7","1,150.7","1,116.0","15.18M","0.50%"
"01/20/2022","1,140.0","1,135.0","1,146.0","1,124.0","11.48M","-0.11%"
"01/19/2022","1,141.3","1,150.3","1,160.0","1,138.3","12.63M","-2.48%"
"01/18/2022","1,170.3","1,182.7","1,189.7","1,164.7","10.32M","-1.01%"
"01/17/2022","1,182.3","1,173.3","1,187.3","1,171.0","9.35M","2.12%"
"01/14/2022","1,157.7","1,177.7","1,178.0","1,148.0","15.50M","-1.19%"
"01/13/2022","1,171.7","1,165.7","1,174.7","1,158.7","10.08M","-0.14%"
"01/12/2022","1,173.3","1,161.7","1,173.3","1,159.0","10.98M","1.09%"
"01/11/2022","1,160.7","1,153.3","1,162.3","1,143.3","12.96M","1.52%"
"01/07/2022","1,143.3","1,149.7","1,156.0","1,134.3","12.41M","0.64%"
"01/06/2022","1,136.0","1,138.3","1,148.3","1,132.0","15.12M","-0.24%"
"01/05/2022","1,138.7","1,127.7","1,139.3","1,123.3","19.65M","2.61%"
"01/04/2022","1,109.7","1,094.3","1,110.3","1,090.7","13.73M","3.06%"
"12/30/2021","1,076.7","1,072.3","1,082.7","1,068.3","6.39M","-0.46%"
"12/29/2021","1,081.7","1,080.0","1,085.0","1,075.0","6.80M","0.16%"
"12/28/2021","1,080.0","1,075.0","1,080.3","1,072.3","7.94M","1.53%"
"12/27/2021","1,063.7","1,063.7","1,066.7","1,059.3","4.97M","0.23%"
"12/24/2021","1,061.3","1,068.7","1,072.3","1,058.3","4.31M","-0.41%"
"12/23/2021","1,065.7","1,048.3","1,065.7","1,045.0","10.52M","2.67%"
"12/22/2021","1,038.0","1,038.7","1,049.3","1,034.7","8.61M","0.10%"
"12/21/2021","1,037.0","1,039.7","1,044.7","1,034.3","8.31M","0.81%"
"12/20/2021","1,028.7","1,054.0","1,056.3","1,028.3","10.93M","-3.65%"
"12/17/2021","1,067.7","1,066.7","1,082.7","1,064.0","13.05M","0.00%"
"12/16/2021","1,067.7","1,070.0","1,077.3","1,065.0","9.70M","0.16%"
"12/15/2021","1,066.0","1,054.0","1,070.0","1,054.0","11.83M","0.44%"
"12/14/2021","1,061.3","1,052.3","1,068.0","1,052.3","12.08M","0.60%"
"12/13/2021","1,055.0","1,078.3","1,078.3","1,055.0","12.13M","-0.63%"
"12/10/2021","1,061.7","1,067.0","1,074.3","1,060.7","14.09M","-0.50%"
"12/09/2021","1,067.0","1,073.7","1,076.7","1,066.7","10.07M","-1.11%"
"12/08/2021","1,079.0","1,088.3","1,090.7","1,071.7","12.05M","-0.64%"
"12/07/2021","1,086.0","1,076.7","1,090.7","1,067.7","14.36M","2.19%"
"12/06/2021","1,062.7","1,066.3","1,067.3","1,053.0","11.10M","-0.34%"
"12/03/2021","1,066.3","1,060.7","1,067.7","1,045.0","14.37M","0.53%"
"12/02/2021","1,060.7","1,053.3","1,065.0","1,040.7","15.99M","0.23%"
"12/01/2021","1,058.3","1,036.7","1,063.0","1,033.7","19.70M","2.38%"
"11/30/2021","1,033.7","1,060.0","1,060.7","1,033.0","31.98M","-0.73%"
"11/29/2021","1,041.3","1,065.0","1,066.0","1,040.3","18.36M","-3.79%"
"11/26/2021","1,082.3","1,095.0","1,099.0","1,075.0","14.08M","-1.67%"
"11/25/2021","1,100.7","1,094.7","1,112.7","1,092.3","9.17M","0.80%"
"11/24/2021","1,092.0","1,108.0","1,118.0","1,092.0","16.90M","-0.48%"
"11/22/2021","1,097.3","1,098.0","1,100.0","1,090.7","8.65M","-0.97%"
"11/19/2021","1,108.0","1,079.3","1,110.0","1,076.0","17.64M","3.00%"
"11/18/2021","1,075.7","1,078.7","1,085.3","1,063.3","16.50M","-1.04%"
"11/17/2021","1,087.0","1,092.7","1,098.0","1,083.0","14.28M","-1.57%"
"11/16/2021","1,104.3","1,107.3","1,113.0","1,101.0","11.43M","-0.22%"
"11/15/2021","1,106.7","1,099.7","1,110.7","1,095.7","9.90M","1.25%"
"11/12/2021","1,093.0","1,079.3","1,095.0","1,076.3","12.20M","1.27%"
"11/11/2021","1,079.3","1,093.3","1,095.0","1,076.0","11.99M","-0.68%"
"11/10/2021","1,086.7","1,086.3","1,099.0","1,078.7","13.04M","-1.06%"
"11/09/2021","1,098.3","1,110.0","1,113.0","1,098.3","12.76M","0.00%"
"11/08/2021","1,098.3","1,110.0","1,118.3","1,097.0","20.41M","-3.34%"
"11/05/2021","1,136.3","1,174.0","1,174.7","1,133.7","11.89M","-3.10%"
"11/04/2021","1,172.7","1,165.7","1,172.7","1,148.0","13.75M","1.89%"
"11/02/2021","1,151.0","1,164.7","1,164.7","1,145.0","10.43M","-0.75%"
"11/01/2021","1,159.7","1,133.3","1,163.0","1,128.3","16.13M","3.89%"
"10/29/2021","1,116.3","1,119.0","1,121.7","1,105.0","13.08M","-0.53%"
"10/28/2021","1,122.3","1,110.7","1,128.0","1,107.7","10.88M","-0.21%"
"10/27/2021","1,124.7","1,127.0","1,129.0","1,117.3","11.20M","-1.08%"
"10/26/2021","1,137.0","1,145.3","1,154.3","1,136.3","10.80M","0.47%"
"10/25/2021","1,131.7","1,130.0","1,144.0","1,125.0","8.59M","-0.64%"
"10/22/2021","1,139.0","1,141.0","1,149.7","1,131.7","8.83M","0.03%"
"10/21/2021","1,138.7","1,170.0","1,172.7","1,138.7","9.56M","-2.09%"
"10/20/2021","1,163.0","1,166.7","1,177.0","1,159.0","8.34M","-0.34%"
"10/19/2021","1,167.0","1,174.7","1,174.7","1,162.3","7.38M","-0.68%"
"10/18/2021","1,175.0","1,164.3","1,179.7","1,163.3","12.35M","1.38%"
"10/15/2021","1,159.0","1,146.0","1,161.3","1,144.0","9.52M","1.37%"
"10/14/2021","1,143.3","1,129.0","1,147.0","1,116.0","9.92M","0.23%"
"10/13/2021","1,140.7","1,130.0","1,149.3","1,127.7","12.35M","-0.52%"
"10/12/2021","1,146.7","1,140.3","1,166.3","1,138.0","13.54M","0.21%"
"10/11/2021","1,144.3","1,132.3","1,153.7","1,128.3","16.55M","1.87%"
"10/08/2021","1,123.3","1,120.0","1,139.3","1,116.3","18.37M","1.13%"
"10/07/2021","1,110.7","1,098.3","1,117.3","1,095.3","10.20M","0.15%"
"10/06/2021","1,109.0","1,135.7","1,142.0","1,098.0","21.35M","-2.49%"
"10/05/2021","1,137.3","1,133.0","1,164.3","1,119.0","15.69M","-0.04%"
"10/04/2021","1,137.7","1,139.0","1,150.0","1,133.7","9.39M","0.62%"
"10/01/2021","1,130.7","1,146.0","1,155.7","1,124.3","14.04M","-1.82%"
"09/30/2021","1,151.7","1,190.0","1,190.7","1,149.7","16.35M","-2.59%"
"09/29/2021","1,182.3","1,175.3","1,186.0","1,166.0","24.39M","-0.23%"
"09/28/2021","1,185.0","1,168.0","1,186.3","1,165.3","19.85M","2.78%"
"09/27/2021","1,153.0","1,155.0","1,160.7","1,145.0","10.15M","1.32%"
"09/24/2021","1,138.0","1,134.0","1,142.3","1,131.7","13.98M","3.93%"
"09/22/2021","1,095.0","1,108.7","1,111.0","1,095.0","10.40M","-1.59%"
"09/21/2021","1,112.7","1,109.3","1,121.7","1,107.3","12.63M","-3.18%"
"09/17/2021","1,149.3","1,141.3","1,151.7","1,136.7","17.92M","0.99%"
"09/16/2021","1,138.0","1,141.7","1,147.3","1,133.3","10.11M","0.95%"
"09/15/2021","1,127.3","1,132.7","1,139.0","1,127.0","11.00M","-1.83%"
"09/14/2021","1,148.3","1,143.3","1,153.7","1,137.0","12.13M","1.71%"
"09/13/2021","1,129.0","1,128.3","1,132.7","1,119.7","11.01M","-1.29%"
"09/10/2021","1,143.7","1,143.0","1,146.7","1,135.3","14.75M","0.70%"
"09/09/2021","1,135.7","1,146.7","1,150.0","1,134.7","10.92M","-1.93%"
"09/08/2021","1,158.0","1,133.7","1,159.0","1,133.7","11.39M","1.25%"
"09/07/2021","1,143.7","1,148.3","1,156.0","1,138.3","10.71M","1.45%"
"09/06/2021","1,127.3","1,126.7","1,131.3","1,117.0","12.13M","0.03%"
"09/03/2021","1,127.0","1,114.7","1,133.3","1,111.0","11.18M","1.23%"
"09/02/2021","1,113.3","1,121.3","1,122.7","1,104.3","7.42M","-0.51%"
"09/01/2021","1,119.0","1,128.7","1,129.7","1,113.7","7.58M","0.45%"
"08/31/2021","1,114.0","1,089.3","1,117.7","1,089.3","13.09M","0.91%"
"08/30/2021","1,104.0","1,097.0","1,109.0","1,095.3","8.57M","2.00%"
"08/27/2021","1,082.3","1,080.0","1,086.7","1,075.3","8.39M","-0.34%"
"08/26/2021","1,086.0","1,096.7","1,103.3","1,080.0","10.12M","-0.73%"
"08/25/2021","1,094.0","1,099.3","1,112.7","1,092.3","8.58M","0.03%"
"08/24/2021","1,093.7","1,087.3","1,103.3","1,087.3","11.87M","-0.51%"
"08/23/2021","1,099.3","1,090.0","1,110.7","1,086.7","11.08M","2.38%"
"08/20/2021","1,073.7","1,105.3","1,115.0","1,070.7","24.78M","-4.84%"
"08/19/2021","1,128.3","1,153.3","1,157.0","1,127.0","10.53M","-2.73%"
"08/18/2021","1,160.0","1,154.3","1,167.0","1,154.0","6.84M","-0.37%"
"08/17/2021","1,164.3","1,177.0","1,180.0","1,163.7","6.38M","-0.72%"
"08/16/2021","1,172.7","1,179.3","1,183.0","1,171.0","7.16M","-1.56%"
"08/13/2021","1,191.3","1,201.3","1,203.7","1,190.7","6.49M","-0.72%"
"08/12/2021","1,200.0","1,223.3","1,225.7","1,198.0","7.61M","-1.34%"
"08/11/2021","1,216.3","1,207.7","1,224.7","1,204.0","7.38M","1.33%"
"08/10/2021","1,200.3","1,212.7","1,217.0","1,200.0","7.69M","-0.88%"
"08/06/2021","1,211.0","1,198.7","1,219.0","1,198.0","8.97M","0.58%"
"08/05/2021","1,204.0","1,200.7","1,213.3","1,194.3","10.64M","1.84%"
"08/04/2021","1,182.3","1,186.7","1,191.0","1,177.0","9.48M","-0.67%"
"08/03/2021","1,190.3","1,190.0","1,196.3","1,184.3","7.61M","-0.42%"
"08/02/2021","1,195.3","1,181.0","1,197.0","1,175.7","9.42M","2.66%"
"07/30/2021","1,164.3","1,167.0","1,177.0","1,162.3","9.15M","-1.39%"
"07/29/2021","1,180.7","1,177.7","1,188.3","1,175.0","10.36M","1.72%"
"07/28/2021","1,160.7","1,143.3","1,165.0","1,142.0","8.85M","0.43%"
"07/27/2021","1,155.7","1,155.7","1,159.3","1,147.7","8.72M","0.78%"
"07/26/2021","1,146.7","1,155.3","1,159.7","1,142.3","7.83M","0.65%"
"07/21/2021","1,139.3","1,154.3","1,158.3","1,139.3","9.73M","1.09%"
"07/20/2021","1,127.0","1,130.0","1,134.7","1,123.7","9.92M","-2.20%"
"07/19/2021","1,152.3","1,155.3","1,156.7","1,145.0","7.97M","-1.68%"
"07/16/2021","1,172.0","1,172.0","1,183.0","1,167.7","7.18M","0.06%"
"07/15/2021","1,171.3","1,187.3","1,189.3","1,167.7","7.64M","-1.76%"
"07/14/2021","1,192.3","1,184.0","1,198.3","1,182.3","6.78M","-0.28%"
"07/13/2021","1,195.7","1,199.3","1,202.3","1,188.3","8.00M","0.62%"
"07/12/2021","1,188.3","1,181.7","1,190.0","1,176.3","12.13M","3.39%"
"07/09/2021","1,149.3","1,145.0","1,151.3","1,124.7","17.77M","-0.67%"
"07/08/2021","1,157.0","1,184.0","1,185.0","1,157.0","15.85M","-2.50%"
"07/07/2021","1,186.7","1,178.0","1,190.7","1,173.3","10.42M","-1.00%"
"07/06/2021","1,198.7","1,198.3","1,204.3","1,192.7","3.96M","0.14%"
"07/05/2021","1,197.0","1,193.3","1,203.0","1,185.7","4.47M","-0.52%"
"07/02/2021","1,203.3","1,191.7","1,203.3","1,189.3","9.46M","1.37%"
"07/01/2021","1,187.0","1,188.0","1,199.3","1,180.0","8.86M","0.31%"
"06/30/2021","1,183.3","1,193.3","1,206.3","1,183.3","10.37M","-0.12%"
"06/29/2021","1,184.7","1,187.0","1,192.0","1,177.7","9.73M","-2.12%"
"06/28/2021","1,210.3","1,205.0","1,215.3","1,198.3","10.39M","1.05%"
"06/25/2021","1,197.7","1,187.7","1,199.0","1,185.7","10.53M","1.76%"
"06/24/2021","1,177.0","1,181.3","1,191.3","1,173.7","10.38M","1.38%"
"06/23/2021","1,161.0","1,149.7","1,163.3","1,148.3","9.97M","-1.02%"
"06/22/2021","1,173.0","1,169.7","1,174.0","1,156.0","14.49M","3.62%"
"06/21/2021","1,132.0","1,151.3","1,152.0","1,123.0","17.98M","-3.93%"
"06/18/2021","1,178.3","1,183.3","1,188.0","1,173.0","14.07M","-2.08%"
"06/17/2021","1,203.3","1,208.0","1,210.3","1,197.7","9.40M","-0.41%"
"06/16/2021","1,208.3","1,212.7","1,221.0","1,204.3","8.23M","-0.03%"
"06/15/2021","1,208.7","1,195.0","1,208.7","1,191.7","8.80M","1.17%"
"06/14/2021","1,194.7","1,211.7","1,220.0","1,193.0","8.37M","-0.03%"
"06/11/2021","1,195.0","1,189.0","1,195.7","1,171.7","14.56M","0.25%"
"06/10/2021","1,192.0","1,194.7","1,198.3","1,187.3","7.66M","-0.42%"
"06/09/2021","1,197.0","1,194.3","1,201.0","1,187.0","6.47M","-0.03%"
"06/08/2021","1,197.3","1,196.0","1,206.3","1,190.7","9.38M","0.05%"
"06/07/2021","1,196.7","1,204.3","1,211.0","1,191.0","10.34M","-1.02%"
"06/04/2021","1,209.0","1,213.3","1,214.7","1,193.3","12.57M","1.00%"
"06/03/2021","1,197.0","1,193.3","1,209.3","1,192.7","17.87M","2.07%"
"06/02/2021","1,172.7","1,145.0","1,174.7","1,143.7","19.78M","4.55%"
"06/01/2021","1,121.7","1,121.0","1,126.0","1,107.3","11.26M","0.36%"
"05/31/2021","1,117.7","1,136.7","1,140.7","1,117.3","12.79M","-3.31%"
"05/28/2021","1,156.0","1,133.3","1,159.3","1,133.3","20.35M","3.61%"
"05/27/2021","1,115.7","1,096.7","1,115.7","1,096.3","37.06M","1.52%"
"05/26/2021","1,099.0","1,124.0","1,124.7","1,099.0","15.84M","-0.99%"
"05/25/2021","1,110.0","1,120.7","1,125.7","1,101.0","13.81M","-0.87%"
"05/24/2021","1,119.7","1,114.7","1,133.0","1,114.7","11.82M","1.51%"
"05/21/2021","1,103.0","1,091.7","1,110.3","1,091.3","12.54M","0.52%"
"05/20/2021","1,097.3","1,100.3","1,105.7","1,092.3","8.61M","-0.52%"
"05/19/2021","1,103.0","1,102.0","1,110.7","1,097.0","12.31M","-1.10%"
"05/18/2021","1,115.3","1,095.7","1,122.0","1,095.0","16.40M","3.34%"
"05/17/2021","1,079.3","1,092.0","1,107.7","1,069.0","15.90M","-2.68%"
"05/14/2021","1,109.0","1,114.3","1,115.7","1,098.3","11.05M","1.00%"
"05/13/2021","1,098.0","1,095.0","1,111.0","1,092.7","11.07M","0.25%"
"05/12/2021","1,095.3","1,103.3","1,105.0","1,080.7","16.55M","-1.39%"
"05/11/2021","1,110.7","1,135.7","1,139.3","1,103.0","14.55M","-2.89%"
"05/10/2021","1,143.7","1,132.7","1,152.3","1,130.3","14.58M","2.12%"
"05/07/2021","1,120.0","1,104.7","1,121.7","1,094.7","10.90M","1.27%"
"05/06/2021","1,106.0","1,103.3","1,115.3","1,096.0","19.13M","2.66%"
"04/30/2021","1,077.3","1,095.0","1,104.3","1,069.3","19.47M","-1.01%"
"04/28/2021","1,088.3","1,079.3","1,088.3","1,079.0","12.74M","1.17%"
"04/27/2021","1,075.7","1,089.3","1,092.3","1,073.3","12.95M","-1.91%"
"04/26/2021","1,096.7","1,110.0","1,114.0","1,089.3","14.19M","1.76%"
"04/23/2021","1,077.7","1,077.3","1,082.0","1,069.0","8.99M","-0.58%"
"04/22/2021","1,084.0","1,080.3","1,084.0","1,071.0","9.16M","1.98%"
"04/21/2021","1,063.0","1,076.3","1,076.3","1,055.0","10.92M","-2.59%"
"04/20/2021","1,091.3","1,110.0","1,111.0","1,087.3","10.59M","-2.27%"
"04/19/2021","1,116.7","1,111.0","1,116.7","1,102.3","8.55M","0.72%"
"04/16/2021","1,108.7","1,111.7","1,116.0","1,103.3","10.92M","-0.12%"
"04/15/2021","1,110.0","1,106.7","1,123.0","1,105.3","11.62M","1.31%"
"04/14/2021","1,095.7","1,086.0","1,099.3","1,079.3","13.52M","-0.09%"
"04/13/2021","1,096.7","1,081.7","1,106.7","1,081.3","11.74M","1.90%"
"04/12/2021","1,076.3","1,076.7","1,083.3","1,073.0","7.46M","0.43%"
"04/09/2021","1,071.7","1,081.7","1,083.0","1,070.3","10.17M","-0.68%"
"04/08/2021","1,079.0","1,081.7","1,083.3","1,065.0","12.93M","-0.67%"
"04/07/2021","1,086.3","1,090.7","1,096.7","1,073.7","13.97M","0.96%"
"04/06/2021","1,076.0","1,103.3","1,105.3","1,070.7","14.46M","-2.74%"
"04/05/2021","1,106.3","1,093.7","1,106.7","1,090.0","8.78M","1.40%"
"04/02/2021","1,091.0","1,102.3","1,110.0","1,089.0","7.04M","-0.82%"
"04/01/2021","1,100.0","1,129.7","1,130.0","1,092.0","12.97M","-0.57%"
"03/31/2021","1,106.3","1,105.7","1,121.3","1,102.7","19.85M","0.24%"
"03/30/2021","1,103.7","1,105.7","1,107.7","1,093.3","10.88M","-0.36%"
"03/29/2021","1,107.7","1,116.0","1,117.7","1,094.7","14.96M","0.58%"
"03/26/2021","1,101.3","1,106.7","1,115.7","1,096.7","13.61M","0.85%"
"03/25/2021","1,092.0","1,089.0","1,106.7","1,087.0","11.91M","0.92%"
"03/24/2021","1,082.0","1,102.0","1,107.3","1,079.3","14.69M","-1.61%"
"03/23/2021","1,099.7","1,119.3","1,121.3","1,098.0","14.53M","-1.37%"
"03/22/2021","1,115.0","1,133.7","1,138.3","1,112.7","17.15M","-3.63%"
"03/19/2021","1,157.0","1,119.3","1,158.3","1,118.7","28.73M","4.45%"
"03/18/2021","1,107.7","1,113.3","1,118.0","1,097.3","17.99M","0.95%"
"03/17/2021","1,097.3","1,109.3","1,112.3","1,092.7","13.20M","-1.35%"
"03/16/2021","1,112.3","1,105.7","1,116.0","1,099.7","15.31M","0.51%"
"03/15/2021","1,106.7","1,093.3","1,112.7","1,092.3","18.59M","3.11%"
"03/12/2021","1,073.3","1,069.0","1,073.3","1,055.0","20.15M","0.87%"
"03/11/2021","1,064.0","1,066.7","1,080.3","1,059.0","14.20M","-0.81%"
"03/10/2021","1,072.7","1,068.3","1,074.7","1,064.3","16.00M","-1.47%"
"03/09/2021","1,088.7","1,078.0","1,090.3","1,071.3","18.79M","3.69%"
"03/08/2021","1,050.0","1,052.0","1,067.7","1,043.0","19.38M","1.58%"
"03/05/2021","1,033.7","1,020.3","1,033.7","1,005.0","18.20M","1.61%"
"03/04/2021","1,017.3","1,039.3","1,041.7","1,000.3","15.83M","-1.59%"
"03/03/2021","1,033.7","1,013.0","1,037.3","1,012.3","23.28M","3.58%"
"03/02/2021","998.0","1,012.7","1,021.0","986.7","22.29M","-0.80%"
"03/01/2021","1,006.0","990.3","1,006.7","986.7","17.75M","3.66%"
"02/26/2021","970.5","1,000.7","1,003.3","970.5","24.11M","-3.79%"
"02/25/2021","1,008.7","1,015.0","1,019.7","1,007.3","15.54M","1.24%"
"02/24/2021","996.3","997.8","1,010.0","992.2","20.27M","0.38%"
"02/22/2021","992.5","1,010.3","1,014.3","990.5","17.59M","-0.12%"
"02/19/2021","993.7","1,002.3","1,004.0","986.7","18.25M","-2.32%"
"02/18/2021","1,017.3","1,040.0","1,040.0","1,015.0","14.36M","-1.17%"
"02/17/2021","1,029.3","1,030.0","1,034.0","1,025.3","11.37M","0.88%"
"02/16/2021","1,020.3","1,022.3","1,028.3","1,016.0","17.20M","0.29%"
"02/15/2021","1,017.3","1,019.3","1,028.3","1,011.3","18.25M","1.09%"
"02/12/2021","1,006.3","1,032.7","1,036.0","1,000.7","19.67M","-3.55%"
"02/10/2021","1,043.3","1,025.3","1,058.7","1,025.0","30.12M","5.14%"
"02/09/2021","992.3","1,000.0","1,009.3","983.3","10.86M","-1.19%"
"02/08/2021","1,004.3","1,001.0","1,013.0","997.0","14.02M","1.48%"
"02/05/2021","989.7","986.7","1,005.0","977.7","18.63M","2.03%"
"02/04/2021","970.0","983.2","1,008.3","966.0","18.96M","0.49%"
"02/03/2021","965.3","943.3","965.7","943.3","14.36M","3.13%"
"02/02/2021","936.0","927.5","938.0","925.7","10.98M","1.22%"
"02/01/2021","924.7","927.0","932.5","920.2","9.74M","0.35%"
"01/29/2021","921.5","930.0","932.7","917.3","16.69M","-1.02%"
"01/28/2021","931.0","922.0","936.7","914.3","20.44M","-1.56%"
"01/27/2021","945.8","941.0","946.7","931.3","11.88M","1.10%"
"01/26/2021","935.5","927.7","936.5","923.7","11.55M","-0.64%"
"01/25/2021","941.5","946.0","949.5","933.5","12.19M","-0.95%"
"01/22/2021","950.5","960.3","961.7","947.0","11.49M","-1.40%"
"01/21/2021","964.0","952.0","971.5","952.0","16.41M","1.51%"
"01/20/2021","949.7","948.3","961.0","941.7","18.90M","0.55%"
"01/19/2021","944.5","933.3","948.0","927.8","10.23M","1.69%"
"01/18/2021","928.8","944.3","945.8","922.7","14.39M","-1.71%"
"01/15/2021","945.0","968.8","972.0","943.7","16.77M","-2.88%"
"01/14/2021","973.0","966.2","979.2","955.0","16.41M","-0.07%"
"01/13/2021","973.7","967.5","975.2","965.7","18.48M","1.14%"
"01/12/2021","962.7","976.7","977.5","961.8","16.95M","-1.54%"
"01/08/2021","977.8","964.3","977.8","954.5","20.40M","0.93%"
"01/07/2021","968.8","983.2","983.8","964.2","15.64M","1.10%"
"01/06/2021","958.3","950.0","959.5","943.3","13.33M","2.03%"
"01/05/2021","939.2","951.5","951.5","933.0","12.87M","-1.53%"
"01/04/2021","953.8","968.8","970.7","940.0","12.08M","-0.56%"
"12/30/2020","959.2","967.2","968.0","954.2","11.73M","-1.77%"
"12/29/2020","976.5","973.7","977.0","962.7","11.80M","0.28%"
"12/28/2020","973.8","980.0","983.3","964.7","9.14M","-0.40%"
"12/25/2020","977.7","980.0","987.3","976.5","5.07M","-0.44%"
"12/24/2020","982.0","988.3","997.5","977.3","8.40M","1.13%"
"12/23/2020","971.0","984.8","990.0","962.7","11.77M","-2.33%"
"12/22/2020","994.2","999.0","1,002.0","989.3","10.76M","-1.07%"
"12/21/2020","1,005.0","1,026.7","1,026.7","997.0","12.30M","-2.55%"
"12/18/2020","1,031.3","1,020.0","1,032.7","1,014.0","18.36M","2.31%"
"12/17/2020","1,008.0","1,018.3","1,021.0","1,006.3","10.60M","-1.01%"
"12/16/2020","1,018.3","1,032.7","1,034.3","1,013.3","9.03M","-0.20%"
"12/15/2020","1,020.3","1,010.3","1,023.3","1,005.0","7.84M","0.75%"
"12/14/2020","1,012.7","1,002.7","1,021.7","1,001.0","13.77M","-0.84%"
"12/11/2020","1,021.3","1,028.0","1,035.0","1,010.0","15.56M","-1.16%"
"12/10/2020","1,033.3","1,048.0","1,048.0","1,033.3","10.37M","-0.90%"
"12/09/2020","1,042.7","1,029.7","1,047.7","1,027.0","11.36M","1.46%"
"12/08/2020","1,027.7","1,031.0","1,032.3","1,014.3","10.91M","-1.12%"
"12/07/2020","1,039.3","1,054.7","1,055.7","1,038.0","10.11M","-0.38%"
"12/04/2020","1,043.3","1,026.7","1,046.7","1,025.7","15.60M","1.46%"
"12/03/2020","1,028.3","1,016.3","1,034.3","1,010.7","19.67M","1.24%"
"12/02/2020","1,015.7","992.3","1,016.0","987.5","28.98M","5.09%"
"12/01/2020","966.5","968.7","977.3","959.5","17.39M","0.97%"
"11/30/2020","957.2","983.7","992.8","956.3","35.45M","-3.54%"
"11/27/2020","992.3","994.0","998.5","976.8","19.58M","-0.64%"
"11/26/2020","998.7","1,000.3","1,006.3","994.8","14.11M","-1.99%"
"11/25/2020","1,019.0","1,033.3","1,054.0","1,013.3","20.25M","-0.03%"
"11/24/2020","1,019.3","1,026.0","1,029.3","1,013.3","20.00M","2.72%"
"11/20/2020","992.3","983.5","996.0","976.0","13.83M","0.52%"
"11/19/2020","987.2","996.8","1,001.7","978.3","15.28M","0.25%"
"11/18/2020","984.7","1,007.0","1,009.7","982.2","18.35M","-3.77%"
"11/17/2020","1,023.3","1,018.3","1,023.3","1,003.7","17.68M","0.49%"
"11/16/2020","1,018.3","992.0","1,023.3","991.7","21.40M","4.84%"
"11/13/2020","971.3","982.3","982.5","959.2","15.72M","-1.16%"
"11/12/2020","982.7","995.0","997.5","975.2","19.44M","-1.55%"
"11/11/2020","998.2","987.7","998.2","980.2","24.62M","2.30%"
"11/10/2020","975.8","973.3","990.8","961.3","26.62M","3.31%"
"11/09/2020","944.5","910.7","948.3","910.3","38.54M","9.42%"
"11/06/2020","863.2","846.8","866.3","845.2","15.51M","2.52%"
"11/05/2020","842.0","835.7","847.5","829.7","16.58M","-1.02%"
"11/04/2020","850.7","853.5","862.5","840.2","13.41M","1.09%"
"11/02/2020","841.5","816.7","844.5","816.7","11.82M","3.67%"
"10/30/2020","811.7","826.7","832.2","810.8","11.87M","-1.93%"
"10/29/2020","827.7","811.3","831.5","807.8","9.44M","0.11%"
"10/28/2020","826.8","835.0","836.2","824.0","13.74M","-2.35%"
"10/27/2020","846.7","858.5","859.7","842.7","8.06M","-1.74%"
"10/26/2020","861.7","855.0","862.2","852.0","4.91M","0.20%"
"10/23/2020","860.0","866.0","866.0","855.0","7.57M","0.74%"
"10/22/2020","853.7","857.5","864.3","850.0","9.02M","-1.93%"
"10/21/2020","870.5","858.2","871.3","855.7","8.19M","1.81%"
"10/20/2020","855.0","852.2","857.0","850.5","11.02M","-0.78%"
"10/19/2020","861.7","848.5","861.7","846.8","9.82M","2.13%"
"10/16/2020","843.7","846.7","853.8","843.0","10.02M","0.14%"
"10/15/2020","842.5","840.8","845.5","837.7","8.58M","-0.30%"
"10/14/2020","845.0","837.0","846.2","830.5","8.36M","-1.02%"
"10/13/2020","853.7","856.7","859.3","845.7","9.41M","1.05%"
"10/12/2020","844.8","846.7","849.5","842.2","9.01M","-1.85%"
"10/09/2020","860.7","867.0","867.0","855.7","11.28M","-0.73%"
"10/08/2020","867.0","876.7","876.7","866.7","10.67M","-0.66%"
"10/07/2020","872.8","860.5","875.3","857.3","10.86M","0.11%"
"10/06/2020","871.8","879.7","879.7","868.8","17.80M","2.11%"
"10/05/2020","853.8","850.5","864.0","849.2","16.55M","2.58%"
"10/02/2020","832.3","833.3","843.3","829.7","21.49M","0.95%"
"09/30/2020","824.5","807.7","834.0","807.5","25.74M","0.02%"
"09/29/2020","824.3","825.0","830.0","816.3","22.23M","0.26%"
"09/28/2020","822.2","818.0","822.2","804.0","25.65M","-0.32%"
"09/25/2020","824.8","821.7","824.8","812.8","22.86M","1.73%"
"09/24/2020","810.8","836.7","839.2","809.3","31.21M","-4.22%"
"09/23/2020","846.5","847.8","851.0","838.5","27.08M","-2.81%"
"09/18/2020","871.0","870.0","886.5","867.3","20.89M","0.89%"
"09/17/2020","863.3","866.0","874.2","863.3","15.23M","-1.51%"
"09/16/2020","876.5","885.3","887.8","870.3","19.29M","-2.59%"
"09/15/2020","899.8","894.0","899.8","888.2","14.85M","0.29%"
"09/14/2020","897.2","883.3","900.0","880.7","19.63M","1.41%"
"09/11/2020","884.7","872.8","886.0","871.8","17.57M","-0.54%"
"09/10/2020","889.5","887.2","891.0","876.2","15.49M","0.96%"
"09/09/2020","881.0","886.8","890.2","871.7","22.42M","-2.11%"
"09/08/2020","900.0","916.2","916.7","898.3","11.98M","-1.59%"
"09/07/2020","914.5","920.2","929.7","911.7","10.57M","-0.46%"
"09/04/2020","918.7","911.7","933.7","911.2","17.73M","2.23%"
"09/03/2020","898.7","903.2","908.3","895.0","9.07M","1.03%"
"09/02/2020","889.5","895.3","901.3","889.0","9.85M","-1.20%"
"09/01/2020","900.3","901.5","906.8","895.0","10.36M","-1.03%"
"08/31/2020","909.7","912.0","922.8","908.3","11.20M","0.65%"
"08/28/2020","903.8","907.3","927.7","893.8","16.31M","0.72%"
"08/27/2020","897.3","894.8","899.7","890.2","10.40M","-0.69%"
"08/26/2020","903.5","896.0","907.2","895.8","10.82M","0.42%"
"08/25/2020","899.7","891.2","906.0","890.8","12.96M","2.79%"
"08/24/2020","875.3","883.3","883.7","871.3","6.73M","-0.91%"
"08/21/2020","883.3","895.0","901.0","883.3","8.44M","-0.19%"
"08/20/2020","885.0","893.7","902.2","883.7","13.74M","-2.26%"
"08/19/2020","905.5","886.7","907.7","885.7","6.54M","0.53%"
"08/18/2020","900.7","920.0","922.8","899.5","8.82M","-1.42%"
"08/17/2020","913.7","907.3","929.5","906.3","9.79M","0.71%"
"08/14/2020","907.3","915.7","917.3","904.7","13.74M","-1.49%"
"08/13/2020","921.0","919.2","930.7","909.8","13.43M","0.29%"
"08/12/2020","918.3","903.5","918.8","903.3","14.18M","1.64%"
"08/11/2020","903.5","879.0","906.8","877.3","25.96M","6.38%"
"08/07/2020","849.3","870.0","884.5","848.5","20.80M","-3.79%"
"08/06/2020","882.8","892.3","918.7","882.7","23.05M","-6.31%"
"08/05/2020","942.3","908.7","942.7","908.0","15.01M","2.17%"
"08/04/2020","922.3","883.8","922.3","878.3","15.71M","6.05%"
"08/03/2020","869.7","861.5","872.0","854.8","11.43M","3.38%"
"07/31/2020","841.3","871.2","872.3","840.7","14.47M","-5.29%"
"07/30/2020","888.3","893.3","895.7","882.7","9.56M","0.26%"
"07/29/2020","886.0","898.0","906.3","882.3","13.63M","-1.97%"
"07/28/2020","903.8","910.2","912.7","900.2","10.32M","-1.69%"
"07/27/2020","919.3","902.7","920.0","898.2","12.19M","-0.54%"
"07/22/2020","924.3","927.3","941.0","922.5","11.08M","0.28%"
"07/21/2020","921.7","938.3","938.3","916.2","11.49M","-1.14%"
"07/20/2020","932.3","942.8","943.0","929.5","7.06M","-0.68%"
"07/17/2020","938.7","947.3","948.0","936.2","7.50M","-0.93%"
"07/16/2020","947.5","943.3","954.5","938.2","12.07M","-0.11%"
"07/15/2020","948.5","941.7","957.0","940.8","12.29M","3.15%"
"07/14/2020","919.5","916.0","933.0","914.3","8.43M","-1.24%"
"07/13/2020","931.0","906.7","936.2","902.8","14.47M","5.94%"
"07/10/2020","878.8","896.7","897.7","878.5","13.65M","-2.98%"
"07/09/2020","905.8","911.5","917.3","904.2","9.30M","-0.32%"
"07/08/2020","908.7","920.0","926.5","908.0","11.81M","-1.50%"
"07/07/2020","922.5","939.0","939.5","917.7","9.05M","-1.63%"
"07/06/2020","937.8","920.7","939.3","918.2","8.30M","1.60%"
"07/03/2020","923.0","933.2","936.3","911.2","10.28M","0.71%"
"07/02/2020","916.5","916.5","925.5","903.8","12.03M","1.86%"
"07/01/2020","899.8","918.3","921.8","893.5","10.41M","-2.04%"
"06/30/2020","918.5","916.7","932.3","916.7","11.78M","1.74%"
"06/29/2020","902.8","915.0","917.8","900.3","12.76M","-2.43%"
"06/26/2020","925.3","936.0","939.0","922.5","12.52M","-0.13%"
"06/25/2020","926.5","936.3","941.7","919.5","14.33M","-2.65%"
"06/24/2020","951.7","943.0","958.7","943.0","11.61M","-0.83%"
"06/23/2020","959.7","965.7","967.8","942.0","12.59M","1.00%"
"06/22/2020","950.2","963.8","963.8","950.0","9.74M","-0.78%"
"06/19/2020","957.7","964.5","966.8","951.3","18.23M","-0.93%"
"06/18/2020","966.7","963.3","980.0","961.3","10.08M","-0.63%"
"06/17/2020","972.8","987.3","990.0","960.2","15.37M","-1.17%"
"06/16/2020","984.3","945.3","990.3","944.8","23.02M","7.73%"
"06/15/2020","913.7","929.7","944.3","911.7","12.70M","-2.64%"
"06/12/2020","938.5","926.7","944.5","915.2","23.42M","-1.80%"
"06/11/2020","955.7","973.0","983.3","953.3","20.25M","-5.66%"
"06/10/2020","1,013.0","988.3","1,017.7","987.5","11.34M","0.43%"
"06/09/2020","1,008.7","1,013.3","1,018.0","997.3","11.91M","-0.45%"
"06/08/2020","1,013.3","1,028.0","1,031.0","1,010.3","17.52M","0.46%"
"06/05/2020","1,008.7","981.0","1,012.0","977.3","21.48M","3.78%"
"06/04/2020","972.0","982.5","986.0","959.8","20.12M","0.64%"
"06/03/2020","965.8","965.0","970.3","957.8","15.07M","2.58%"
"06/02/2020","941.5","942.7","947.0","935.5","11.08M","1.07%"
"06/01/2020","931.5","933.3","941.3","923.5","9.23M","0.38%"
"05/29/2020","928.0","937.3","952.3","928.0","24.87M","-3.93%"
"05/28/2020","966.0","953.8","973.3","950.7","30.15M","3.07%"
"05/27/2020","937.2","931.2","940.7","913.7","24.58M","2.48%"
"05/26/2020","914.5","893.3","923.2","893.0","19.60M","4.31%"
"05/25/2020","876.7","854.7","876.7","850.3","9.59M","4.24%"
"05/22/2020","841.0","863.3","864.3","840.5","9.51M","-1.31%"
"05/21/2020","852.2","861.3","866.0","851.3","9.48M","-0.68%"
"05/20/2020","858.0","852.8","863.0","850.0","13.27M","-0.20%"
"05/19/2020","859.7","863.3","869.3","857.2","17.00M","3.68%"
"05/18/2020","829.2","823.3","830.3","817.3","9.66M","1.41%"
"05/15/2020","817.7","822.0","831.2","806.7","11.25M","1.62%"
"05/14/2020","804.7","816.7","824.3","804.7","13.55M","-4.28%"
"05/13/2020","840.7","819.8","852.2","818.8","14.84M","-0.04%"
"05/12/2020","841.0","850.0","853.7","837.3","13.72M","-3.48%"
"05/11/2020","871.3","859.8","878.2","853.3","11.60M","2.99%"
"05/08/2020","846.0","808.0","846.7","802.7","15.22M","5.71%"
"05/07/2020","800.3","794.2","807.5","793.5","11.60M","-2.25%"
"05/01/2020","818.7","847.8","849.5","815.7","16.17M","-5.92%"
"04/30/2020","870.2","863.2","881.7","861.7","21.38M","5.13%"
"04/28/2020","827.7","831.7","842.0","823.7","13.13M","-1.99%"
"04/27/2020","844.5","812.8","845.0","810.3","15.52M","3.56%"
"04/24/2020","815.5","800.2","816.7","794.7","14.61M","0.47%"
"04/23/2020","811.7","800.0","815.5","793.2","12.89M","3.93%"
"04/22/2020","781.0","784.8","790.0","775.5","8.78M","-1.86%"
"04/21/2020","795.8","809.8","809.8","788.3","14.80M","-2.62%"
"04/20/2020","817.2","811.0","827.5","807.3","13.58M","-0.73%"
"04/17/2020","823.2","776.7","825.8","776.7","24.95M","8.32%"
"04/16/2020","760.0","763.2","766.3","756.5","13.77M","-3.83%"
"04/15/2020","790.3","790.2","792.7","777.3","12.93M","-0.82%"
"04/14/2020","796.8","778.2","801.0","768.3","16.56M","2.31%"
"04/13/2020","778.8","791.7","798.8","776.0","9.68M","-3.16%"
"04/10/2020","804.2","802.2","806.2","781.0","14.22M","-0.25%"
"04/09/2020","806.2","805.3","807.7","790.5","12.25M","-0.25%"
"04/08/2020","808.2","793.3","808.2","771.8","17.46M","2.93%"
"04/07/2020","785.2","783.5","796.7","763.2","17.25M","2.71%"
"04/06/2020","764.5","723.3","774.7","719.0","18.51M","7.40%"
"04/03/2020","711.8","739.8","746.7","711.8","18.64M","-3.91%"
"04/02/2020","740.8","759.5","759.7","728.8","21.69M","-3.23%"
"04/01/2020","765.5","798.7","810.0","757.8","18.50M","-5.49%"
"03/31/2020","810.0","849.2","850.0","802.3","23.10M","-4.37%"
"03/30/2020","847.0","816.7","849.3","811.7","20.34M","-0.94%"
"03/27/2020","855.0","856.7","859.5","820.2","29.43M","1.46%"
"03/26/2020","842.7","850.0","869.7","834.7","17.57M","-2.54%"
"03/25/2020","864.7","798.3","866.7","798.3","25.58M","10.62%"
"03/24/2020","781.7","766.3","783.2","754.5","20.71M","5.78%"
"03/23/2020","739.0","739.7","754.0","722.2","32.93M","-2.29%"
"03/19/2020","756.3","773.8","808.8","752.0","35.98M","-0.32%"
"03/18/2020","758.7","745.3","790.2","736.0","24.38M","1.70%"
"03/17/2020","746.0","717.2","759.0","706.7","33.09M","1.13%"
"03/16/2020","737.7","760.0","772.2","732.7","23.75M","-3.35%"
"03/13/2020","763.3","745.8","800.0","730.5","42.75M","-6.06%"
"03/12/2020","812.5","820.0","835.2","803.5","29.03M","-2.81%"
"03/11/2020","836.0","844.2","875.7","834.8","24.88M","-1.36%"
"03/10/2020","847.5","830.8","853.3","799.0","24.73M","1.84%"
"03/09/2020","832.2","854.7","861.7","825.3","25.05M","-7.10%"
"03/06/2020","895.8","914.3","914.8","890.8","21.51M","-4.33%"
"03/05/2020","936.3","935.7","936.5","919.3","20.45M","2.46%"
"03/04/2020","913.8","908.2","920.7","900.7","16.19M","-0.78%"
"03/03/2020","921.0","939.7","949.8","921.0","18.36M","-1.20%"
"03/02/2020","932.2","908.3","941.5","907.3","19.52M","-0.11%"
"02/28/2020","933.2","944.0","951.7","923.8","25.37M","-4.26%"
"02/27/2020","974.7","970.5","980.0","967.8","24.85M","-0.72%"
"02/26/2020","981.8","964.5","985.0","953.5","23.90M","0.36%"
"02/25/2020","978.3","967.3","991.7","967.3","18.72M","-3.43%"
"02/21/2020","1,013.0","1,018.0","1,029.3","1,013.0","16.17M","-0.07%"
"02/20/2020","1,013.7","1,006.3","1,022.0","1,006.3","17.08M","2.22%"
"02/19/2020","991.7","992.3","999.3","986.0","14.31M","-0.06%"
"02/18/2020","992.3","984.7","998.2","982.5","15.49M","0.77%"
"02/17/2020","984.7","979.3","987.7","973.7","16.32M","-0.20%"
"02/14/2020","986.7","987.0","991.0","976.3","19.60M","-1.05%"
"02/13/2020","997.2","986.2","999.8","985.0","15.95M","1.14%"
"02/12/2020","986.0","979.3","988.5","971.2","18.63M","0.63%"
"02/10/2020","979.8","952.7","987.3","952.7","16.18M","2.87%"
"02/07/2020","952.5","964.3","967.8","951.0","15.47M","-2.71%"
"02/06/2020","979.0","966.3","986.5","965.2","18.35M","3.09%"
"02/05/2020","949.7","942.8","954.0","942.5","11.77M","1.43%"
"02/04/2020","936.3","923.3","937.8","919.7","15.36M","-0.02%"
"02/03/2020","936.5","927.5","945.7","924.0","12.62M","-0.76%"
"01/31/2020","943.7","948.5","954.5","943.0","17.22M","-0.66%"
"01/30/2020","950.0","961.8","964.8","946.5","13.26M","-1.81%"
"01/29/2020","967.5","959.8","968.7","957.3","15.64M","1.87%"
"01/28/2020","949.7","955.7","959.5","945.8","19.57M","-2.11%"
"01/27/2020","970.2","962.7","978.5","961.8","14.06M","-1.68%"
"01/24/2020","986.8","998.8","998.8","984.5","11.53M","-1.55%"
"01/23/2020","1,002.3","1,006.0","1,009.0","1,001.7","10.31M","-0.76%"
"01/22/2020","1,010.0","1,008.3","1,012.3","1,002.3","10.85M","-0.10%"
"01/21/2020","1,011.0","1,018.0","1,023.0","1,010.7","7.46M","-1.08%"
"01/20/2020","1,022.0","1,019.7","1,026.3","1,018.0","6.16M","0.23%"
"01/17/2020","1,019.7","1,010.0","1,022.7","1,008.0","9.73M","1.19%"
"01/16/2020","1,007.7","1,000.0","1,011.3","999.5","7.66M","-0.65%"
"01/15/2020","1,014.3","1,019.3","1,023.3","1,010.3","7.95M","-1.01%"
"01/14/2020","1,024.7","1,019.7","1,025.7","1,018.7","8.30M","0.46%"
"01/10/2020","1,020.0","1,031.0","1,034.0","1,020.0","8.65M","-0.20%"
"01/09/2020","1,022.0","1,022.7","1,025.7","1,017.0","9.34M","1.32%"
"01/08/2020","1,008.7","1,006.3","1,014.3","997.8","14.10M","-2.04%"
"01/07/2020","1,029.7","1,010.0","1,030.7","1,008.3","11.29M","2.73%"
"01/06/2020","1,002.3","1,022.3","1,024.3","998.7","14.58M","-2.97%"
"12/30/2019","1,033.0","1,033.3","1,038.7","1,028.7","8.99M","-1.15%"
"12/27/2019","1,045.0","1,047.0","1,049.7","1,042.0","5.80M","-0.22%"
"12/26/2019","1,047.3","1,038.7","1,050.7","1,036.7","6.11M","0.96%"
"12/25/2019","1,037.3","1,041.7","1,041.7","1,036.7","3.36M","-0.52%"
"12/24/2019","1,042.7","1,048.3","1,049.7","1,042.0","4.71M","-0.53%"
"12/23/2019","1,048.3","1,056.0","1,059.0","1,046.7","6.61M","-0.79%"
"12/20/2019","1,056.7","1,059.3","1,060.0","1,051.7","10.19M","0.23%"
"12/19/2019","1,054.3","1,053.3","1,056.7","1,049.3","9.80M","-0.54%"
"12/18/2019","1,060.0","1,069.7","1,074.7","1,059.0","10.81M","-0.56%"
"12/17/2019","1,066.0","1,082.3","1,086.3","1,066.0","10.93M","-0.25%"
"12/16/2019","1,068.7","1,068.7","1,075.3","1,065.0","9.71M","-0.47%"
"12/13/2019","1,073.7","1,059.3","1,076.7","1,056.7","21.01M","3.47%"
"12/12/2019","1,037.7","1,043.3","1,045.0","1,033.7","10.11M","-1.14%"
"12/11/2019","1,049.7","1,050.3","1,056.0","1,047.0","9.89M","0.45%"
"12/10/2019","1,045.0","1,047.0","1,052.7","1,045.0","9.64M","-0.19%"
"12/09/2019","1,047.0","1,056.7","1,059.0","1,046.7","7.19M","-0.10%"
"12/06/2019","1,048.0","1,042.3","1,050.7","1,040.7","8.92M","0.48%"
"12/05/2019","1,043.0","1,043.0","1,048.0","1,041.0","10.05M","1.23%"
"12/04/2019","1,030.3","1,028.3","1,031.7","1,015.7","9.04M","-0.45%"
"12/03/2019","1,035.0","1,021.7","1,037.3","1,017.7","10.46M","0.03%"
"12/02/2019","1,034.7","1,033.3","1,043.0","1,031.7","9.80M","1.21%"
"11/29/2019","1,022.3","1,035.0","1,039.0","1,020.0","9.92M","-0.43%"
"11/28/2019","1,026.7","1,040.0","1,044.7","1,025.3","12.35M","-1.50%"
"11/27/2019","1,042.3","1,043.3","1,053.3","1,042.3","9.35M","0.58%"
"11/26/2019","1,036.3","1,049.0","1,059.7","1,036.3","14.48M","-1.18%"
"11/25/2019","1,048.7","1,047.3","1,052.3","1,046.3","7.55M","1.23%"
"11/22/2019","1,036.0","1,033.0","1,042.3","1,030.0","7.70M","0.16%"
"11/21/2019","1,034.3","1,029.7","1,038.3","1,020.3","9.68M","0.35%"
"11/20/2019","1,030.7","1,038.7","1,040.7","1,027.7","7.89M","-1.34%"
"11/19/2019","1,044.7","1,045.0","1,049.3","1,038.3","8.58M","-0.72%"
"11/18/2019","1,052.3","1,050.3","1,060.7","1,046.7","6.53M","0.22%"
"11/15/2019","1,050.0","1,041.0","1,052.7","1,036.0","9.48M","0.35%"
"11/14/2019","1,046.3","1,062.3","1,064.7","1,045.0","8.60M","-2.19%"
"11/13/2019","1,069.7","1,067.3","1,076.7","1,064.7","9.48M","-0.61%"
"11/12/2019","1,076.3","1,058.0","1,076.3","1,040.0","13.69M","0.87%"
"11/11/2019","1,067.0","1,065.7","1,072.3","1,054.7","19.55M","4.20%"
"11/08/2019","1,024.0","1,020.0","1,031.7","1,015.7","15.32M","1.92%"
"11/07/2019","1,004.7","1,002.3","1,012.7","1,000.7","10.93M","-0.55%"
"11/06/2019","1,010.3","1,016.0","1,018.3","1,004.0","9.57M","0.30%"
"11/05/2019","1,007.3","1,009.3","1,011.3","998.5","13.13M","2.28%"
"11/01/2019","984.8","969.5","985.2","969.3","8.19M","0.42%"
"10/31/2019","980.7","987.8","992.3","967.8","15.57M","-1.49%"
"10/30/2019","995.5","1,002.0","1,009.0","992.2","28.66M","-0.65%"
"10/29/2019","1,002.0","991.7","1,002.0","989.5","12.73M","1.90%"
"10/28/2019","983.3","978.5","987.3","976.3","9.04M","0.83%"
"10/25/2019","975.2","977.0","978.3","971.7","8.32M","-0.18%"
"10/24/2019","977.0","966.7","979.0","964.7","11.84M","1.88%"
"10/23/2019","959.0","950.0","960.3","941.8","18.96M","-0.62%"
"10/21/2019","965.0","970.0","970.7","964.3","9.34M","-0.46%"
"10/18/2019","969.5","970.3","972.7","965.7","9.76M","-0.03%"
"10/17/2019","969.8","971.0","975.0","968.5","10.72M","-0.36%"
"10/16/2019","973.3","975.0","979.7","968.3","15.35M","0.70%"
"10/15/2019","966.5","961.2","967.5","958.5","13.99M","2.51%"
"10/11/2019","942.8","933.3","943.2","931.3","12.71M","2.29%"
"10/10/2019","921.7","910.3","922.0","905.0","10.83M","0.81%"
"10/09/2019","914.3","893.3","914.7","891.5","12.34M","0.69%"
"10/08/2019","908.0","908.8","919.3","907.3","12.56M","-0.22%"
"10/07/2019","910.0","913.3","921.5","899.5","12.93M","-0.90%"
"10/04/2019","918.3","916.0","921.0","913.5","9.30M","0.45%"
"10/03/2019","914.2","912.2","920.0","910.0","12.19M","-2.67%"
"10/02/2019","939.3","931.8","943.3","931.0","11.61M","-1.77%"
"10/01/2019","956.2","937.7","958.3","937.5","10.44M","2.51%"
"09/30/2019","932.8","945.2","946.5","930.2","16.47M","-1.47%"
"09/27/2019","946.7","951.7","961.7","939.7","13.63M","-2.02%"
"09/26/2019","966.2","963.0","969.2","961.2","14.37M","1.35%"
"09/25/2019","953.3","937.3","955.2","934.8","13.29M","0.05%"
"09/24/2019","952.8","957.5","961.8","952.8","17.53M","-1.62%"
"09/20/2019","968.5","968.8","971.3","963.2","19.23M","0.70%"
"09/19/2019","961.8","970.0","976.0","961.8","12.03M","-0.40%"
"09/18/2019","965.7","969.0","970.7","961.0","11.71M","-1.06%"
"09/17/2019","976.0","971.3","977.3","965.2","13.89M","-0.17%"
"09/13/2019","977.7","986.7","986.7","971.2","27.14M","0.12%"
"09/12/2019","976.5","964.7","984.8","956.7","25.23M","1.17%"
"09/11/2019","965.2","941.7","965.2","939.5","20.78M","3.75%"
"09/10/2019","930.3","917.7","930.3","916.5","15.98M","2.34%"
"09/09/2019","909.0","905.5","910.2","898.3","13.53M","-0.25%"
"09/06/2019","911.3","896.0","915.3","894.8","18.23M","3.01%"
"09/05/2019","884.7","869.7","895.0","868.3","19.40M","2.99%"
"09/04/2019","859.0","853.3","862.5","848.8","13.91M","0.55%"
"09/03/2019","854.3","844.7","856.3","844.3","9.77M","1.20%"
"09/02/2019","844.2","839.7","846.2","838.3","8.39M","0.36%"
"08/30/2019","841.2","831.5","841.5","830.3","13.12M","2.17%"
"08/29/2019","823.3","823.3","826.7","819.0","13.83M","-0.81%"
"08/28/2019","830.0","827.3","831.8","824.2","9.54M","0.24%"
"08/27/2019","828.0","828.8","830.8","824.7","10.55M","1.26%"
"08/26/2019","817.7","805.0","819.7","804.0","12.26M","-1.42%"
"08/23/2019","829.5","819.8","831.0","819.5","9.53M","0.51%"
"08/22/2019","825.3","824.5","828.2","820.7","9.82M","-0.18%"
"08/21/2019","826.8","821.7","829.3","819.5","8.62M","-0.59%"
"08/20/2019","831.7","824.8","832.2","824.8","7.46M","0.93%"
"08/19/2019","824.0","820.7","824.5","819.2","7.83M","0.55%"
"08/16/2019","819.5","810.2","821.3","809.3","10.60M","-0.06%"
"08/15/2019","820.0","811.2","820.5","808.2","12.75M","-1.42%"
"08/14/2019","831.8","835.5","835.7","827.7","12.02M","0.54%"
"08/13/2019","827.3","833.5","835.7","822.7","15.56M","-2.36%"
"08/09/2019","847.3","852.0","852.3","842.5","10.05M","0.27%"
"08/08/2019","845.0","839.8","848.5","838.7","8.95M","-0.06%"
"08/07/2019","845.5","846.2","851.3","840.3","13.75M","-0.94%"
"08/06/2019","853.5","838.7","854.3","828.8","18.98M","-0.21%"
"08/05/2019","855.3","870.8","872.7","850.0","18.03M","-1.80%"
"08/02/2019","871.0","891.7","892.7","868.8","19.18M","-4.02%"
"08/01/2019","907.5","899.7","912.5","896.8","10.69M","0.44%"
"07/31/2019","903.5","910.5","915.5","902.3","15.25M","-2.22%"
"07/30/2019","924.0","925.5","929.7","921.0","7.33M","0.30%"
"07/29/2019","921.2","925.8","926.7","916.8","8.71M","-0.79%"
"07/26/2019","928.5","931.0","938.5","927.0","9.84M","-2.03%"
"07/25/2019","947.7","945.7","948.8","939.3","7.81M","-0.26%"
"07/24/2019","950.2","946.7","952.7","945.3","11.14M","1.28%"
"07/23/2019","938.2","923.7","941.3","920.0","10.92M","0.45%"
"07/22/2019","934.0","936.0","941.3","926.2","10.80M","-0.21%"
"07/19/2019","936.0","919.0","937.8","917.7","13.33M","2.05%"
"07/18/2019","917.2","933.3","936.0","914.3","11.38M","-1.94%"
"07/17/2019","935.3","942.2","947.2","932.5","10.21M","-1.08%"
"07/16/2019","945.5","943.3","954.0","928.8","10.94M","-0.37%"
"07/12/2019","949.0","955.0","957.0","946.2","7.05M","0.11%"
"07/11/2019","948.0","943.3","952.3","939.7","9.12M","-0.55%"
"07/10/2019","953.2","952.8","957.5","948.7","13.55M","0.25%"
"07/09/2019","950.8","951.7","953.7","943.8","8.36M","0.54%"
"07/08/2019","945.7","945.7","952.0","944.7","9.28M","0.02%"
"07/05/2019","945.5","942.2","948.2","939.3","7.12M","1.04%"
"07/04/2019","935.8","935.2","943.3","932.3","4.89M","0.62%"
"07/03/2019","930.0","935.0","935.5","926.2","8.50M","-1.66%"
"07/02/2019","945.7","948.3","949.7","939.7","10.10M","-0.27%"
"07/01/2019","948.3","933.5","948.7","929.0","11.41M","2.15%"
"06/28/2019","928.3","920.0","928.8","917.8","11.86M","-0.13%"
"06/27/2019","929.5","918.0","930.2","915.3","9.72M","2.11%"
"06/26/2019","910.3","907.8","913.7","906.0","7.59M","-1.25%"
"06/25/2019","921.8","920.0","927.3","919.3","9.29M","-0.72%"
"06/24/2019","928.5","920.0","929.5","914.7","6.75M","0.70%"
"06/21/2019","922.0","923.3","927.3","915.7","13.92M","-0.18%"
"06/20/2019","923.7","942.7","942.7","923.2","10.40M","-1.87%"
"06/19/2019","941.3","934.7","943.5","930.5","9.28M","2.09%"
"06/18/2019","922.0","927.2","932.0","920.2","7.69M","-0.32%"
"06/17/2019","925.0","917.7","927.3","916.2","8.66M","0.73%"
"06/14/2019","918.3","918.3","926.2","914.2","12.83M","0.01%"
"06/13/2019","918.2","923.2","927.3","908.3","11.09M","-0.79%"
"06/12/2019","925.5","926.7","940.3","925.5","12.53M","-0.40%"
"06/11/2019","929.2","923.5","930.0","915.7","7.85M","0.27%"
"06/10/2019","926.7","926.7","930.5","918.8","9.60M","1.53%"
"06/07/2019","912.7","913.3","919.0","909.7","8.16M","-0.09%"
"06/06/2019","913.5","916.8","924.5","913.5","11.49M","-1.95%"
"06/05/2019","931.7","933.7","935.8","920.8","11.33M","2.87%"
"06/04/2019","905.7","886.5","905.8","884.7","15.80M","2.17%"
"06/03/2019","886.5","871.8","886.5","870.0","13.72M","0.32%"
"05/31/2019","883.7","900.0","901.3","883.3","20.66M","-4.26%"
"05/30/2019","923.0","915.2","924.2","913.5","8.22M","0.36%"
"05/29/2019","919.7","916.0","920.0","908.0","12.44M","-0.39%"
"05/28/2019","923.3","920.7","931.5","919.0","17.40M","0.39%"
"05/27/2019","919.7","921.8","927.8","916.7","8.94M","-1.11%"
"05/24/2019","930.0","923.7","931.0","917.7","11.83M","-0.59%"
"05/23/2019","935.5","935.8","939.2","929.8","10.26M","-0.88%"
"05/22/2019","943.8","947.8","949.3","941.5","8.83M","-0.04%"
"05/21/2019","944.2","936.3","944.7","931.2","8.04M","0.11%"
"05/20/2019","943.2","942.8","949.3","935.2","7.33M","0.63%"
"05/17/2019","937.3","938.2","947.5","928.8","10.13M","0.86%"
"05/16/2019","929.3","941.7","943.7","924.0","11.68M","-0.61%"
"05/15/2019","935.0","932.0","935.0","919.5","12.47M","0.07%"
"05/14/2019","934.3","927.2","936.0","920.3","12.11M","-0.48%"
"05/13/2019","938.8","944.2","947.2","937.2","10.77M","-0.55%"
"05/10/2019","944.0","961.2","968.3","938.7","18.62M","-0.61%"
"05/09/2019","949.8","992.5","992.8","948.8","21.94M","-4.69%"
"05/08/2019","996.5","1,018.0","1,022.7","994.7","18.21M","-2.85%"
"05/07/2019","1,025.7","1,031.3","1,031.7","1,012.7","14.04M","-0.77%"
"04/26/2019","1,033.7","1,033.3","1,038.0","1,027.7","9.95M","-0.13%"
"04/25/2019","1,035.0","1,029.3","1,038.3","1,026.3","9.43M","0.36%"
"04/24/2019","1,031.3","1,057.3","1,057.7","1,027.7","13.36M","-2.77%"
"04/23/2019","1,060.7","1,060.0","1,064.3","1,056.3","7.86M","0.47%"
"04/22/2019","1,055.7","1,065.7","1,067.0","1,054.7","6.89M","-0.97%"
"04/19/2019","1,066.0","1,068.3","1,070.3","1,058.0","5.56M","-0.49%"
"04/18/2019","1,071.3","1,063.3","1,075.0","1,062.7","12.07M","1.38%"
"04/17/2019","1,056.7","1,054.0","1,060.3","1,051.0","8.13M","1.02%"
"04/16/2019","1,046.0","1,030.3","1,046.0","1,029.3","10.06M","0.61%"
"04/15/2019","1,039.7","1,041.7","1,045.0","1,033.7","8.75M","1.11%"
"04/12/2019","1,028.3","1,028.3","1,032.7","1,026.0","10.08M","0.35%"
"04/11/2019","1,024.7","1,023.7","1,031.3","1,023.0","10.90M","-1.19%"
"04/10/2019","1,037.0","1,036.7","1,041.3","1,034.3","6.80M","-1.05%"
"04/09/2019","1,048.0","1,042.3","1,048.7","1,040.0","7.06M","0.41%"
"04/08/2019","1,043.7","1,056.0","1,057.7","1,039.3","9.85M","-1.51%"
"04/05/2019","1,059.7","1,050.0","1,060.7","1,046.0","9.07M","0.47%"
"04/04/2019","1,054.7","1,050.0","1,057.3","1,047.3","10.31M","0.93%"
"04/03/2019","1,045.0","1,038.3","1,045.0","1,036.3","11.03M","0.80%"
"04/02/2019","1,036.7","1,037.7","1,041.0","1,028.7","8.76M","1.14%"
"04/01/2019","1,025.0","1,013.3","1,032.7","1,013.3","12.10M","2.67%"
"03/29/2019","998.3","1,005.7","1,007.0","997.0","8.35M","-0.24%"
"03/28/2019","1,000.7","1,000.0","1,003.0","993.7","10.59M","-0.95%"
"03/27/2019","1,010.3","1,013.0","1,016.3","1,003.7","11.65M","-0.79%"
"03/26/2019","1,018.3","995.8","1,021.7","994.0","17.73M","3.12%"
"03/25/2019","987.5","994.7","996.0","980.2","16.03M","-3.00%"
"03/22/2019","1,018.0","1,020.0","1,021.0","1,007.7","12.65M","-1.17%"
"03/20/2019","1,030.0","1,031.0","1,036.3","1,027.7","8.90M","0.46%"
"03/19/2019","1,025.3","1,022.0","1,028.7","1,018.7","8.77M","0.65%"
"03/18/2019","1,018.7","1,021.7","1,022.3","1,012.0","9.70M","-0.03%"
"03/15/2019","1,019.0","1,015.3","1,024.7","1,014.7","14.38M","1.12%"
"03/14/2019","1,007.7","1,014.0","1,017.0","1,006.0","11.40M","0.04%"
"03/13/2019","1,007.3","1,018.3","1,024.3","1,001.7","11.74M","-0.83%"
"03/12/2019","1,015.7","1,012.3","1,020.3","1,009.0","11.17M","1.14%"
"03/11/2019","1,004.3","999.2","1,007.3","996.8","7.28M","0.71%"
"03/08/2019","997.2","1,008.3","1,015.0","994.7","17.35M","-1.78%"
"03/07/2019","1,015.3","1,022.0","1,029.3","1,013.3","12.14M","-1.62%"
"03/06/2019","1,032.0","1,033.0","1,036.3","1,029.0","10.60M","0.13%"
"03/05/2019","1,030.7","1,033.3","1,035.7","1,028.7","10.90M","-0.70%"
"03/04/2019","1,038.0","1,055.7","1,055.7","1,031.7","12.91M","-1.30%"
"03/01/2019","1,051.7","1,053.3","1,056.0","1,049.7","12.81M","0.07%"
"02/28/2019","1,051.0","1,051.0","1,055.0","1,044.7","14.54M","-0.73%"
"02/27/2019","1,058.7","1,051.3","1,059.7","1,050.3","15.15M","0.70%"
"02/26/2019","1,051.3","1,046.7","1,057.0","1,045.3","9.79M","0.10%"
"02/25/2019","1,050.3","1,053.0","1,057.7","1,049.0","11.85M","0.83%"
"02/22/2019","1,041.7","1,029.7","1,042.7","1,020.7","13.15M","0.72%"
"02/21/2019","1,034.3","1,024.7","1,036.7","1,022.3","17.25M","2.30%"
"02/20/2019","1,011.0","1,017.0","1,028.3","1,006.0","19.53M","0.63%"
"02/19/2019","1,004.7","1,000.0","1,005.3","994.5","9.10M","0.37%"
"02/18/2019","1,001.0","1,005.0","1,005.7","998.7","9.99M","1.03%"
"02/15/2019","990.8","1,003.7","1,006.0","989.7","13.37M","-2.26%"
"02/14/2019","1,013.7","1,018.3","1,022.7","1,004.3","14.58M","1.34%"
"02/13/2019","1,000.3","995.5","1,002.7","985.7","13.99M","1.73%"
"02/12/2019","983.3","975.3","995.7","972.2","16.87M","0.80%"
"02/08/2019","975.5","994.0","996.3","975.5","15.10M","-2.52%"
"02/07/2019","1,000.7","1,001.3","1,008.0","990.3","11.46M","-1.09%"
"02/06/2019","1,011.7","1,020.0","1,022.3","1,011.7","13.67M","-0.62%"
"02/05/2019","1,018.0","1,034.0","1,043.0","1,016.7","16.37M","-2.49%"
"02/04/2019","1,044.0","1,035.0","1,054.7","1,033.7","17.20M","-3.49%"
"02/01/2019","1,081.7","1,082.3","1,087.7","1,074.3","8.67M","-0.12%"
"01/31/2019","1,083.0","1,096.0","1,096.0","1,080.3","10.59M","0.25%"
"01/30/2019","1,080.3","1,095.7","1,096.7","1,077.3","12.41M","-0.13%"
"01/29/2019","1,081.7","1,079.0","1,084.3","1,070.7","10.94M","-0.15%"
"01/28/2019","1,083.3","1,094.3","1,095.7","1,081.0","9.54M","-1.01%"
"01/25/2019","1,094.3","1,088.7","1,096.7","1,083.3","10.99M","1.51%"
"01/24/2019","1,078.0","1,062.7","1,081.3","1,062.7","7.98M","0.06%"
"01/23/2019","1,077.3","1,072.7","1,082.0","1,061.7","9.43M","-0.22%"
"01/22/2019","1,079.7","1,088.3","1,091.7","1,075.3","6.79M","-0.12%"
"01/21/2019","1,081.0","1,084.3","1,088.7","1,078.0","7.77M","0.87%"
"01/18/2019","1,071.7","1,073.0","1,076.0","1,066.3","8.74M","0.28%"
"01/17/2019","1,068.7","1,068.0","1,075.0","1,062.0","8.43M","-0.12%"
"01/16/2019","1,070.0","1,067.7","1,072.0","1,055.0","10.17M","-0.28%"
"01/15/2019","1,073.0","1,061.3","1,073.0","1,053.3","13.61M","1.54%"
"01/11/2019","1,056.7","1,043.7","1,059.0","1,039.7","16.10M","2.42%"
"01/10/2019","1,031.7","1,024.7","1,035.3","1,021.7","11.19M","-0.92%"
"01/09/2019","1,041.3","1,039.7","1,042.7","1,029.7","12.85M","1.29%"
"01/08/2019","1,028.0","1,008.3","1,039.3","1,007.0","23.05M","3.18%"
"01/07/2019","996.3","987.5","1,003.3","984.7","14.54M","3.69%"
"01/04/2019","960.8","933.3","960.8","930.7","18.77M","-0.41%"
"12/28/2018","964.8","962.3","970.8","950.7","13.72M","-0.07%"
"12/27/2018","965.5","960.5","972.7","951.3","16.87M","4.13%"
"12/26/2018","927.2","926.0","933.2","911.0","11.38M","0.93%"
"12/25/2018","918.7","946.5","949.8","915.7","15.94M","-5.66%"
"12/21/2018","973.8","985.7","991.2","972.3","19.21M","-1.44%"
"12/20/2018","988.0","1,007.3","1,012.0","984.2","15.17M","-2.73%"
"12/19/2018","1,015.7","1,009.7","1,021.0","1,006.3","16.09M","0.63%"
"12/18/2018","1,009.3","1,016.3","1,022.3","1,004.0","12.29M","-0.73%"
"12/17/2018","1,016.7","1,018.0","1,026.3","1,016.3","13.17M","-0.13%"
"12/14/2018","1,018.0","1,026.0","1,034.7","1,014.0","22.92M","-1.93%"
"12/13/2018","1,038.0","1,037.3","1,045.3","1,032.7","14.39M","1.04%"
"12/12/2018","1,027.3","1,022.3","1,033.7","1,020.0","16.07M","2.02%"
"12/11/2018","1,007.0","1,016.0","1,017.3","997.5","15.65M","-0.40%"
"12/10/2018","1,011.0","1,001.0","1,013.3","1,000.0","12.05M","-1.72%"
"12/07/2018","1,028.7","1,037.0","1,037.3","1,024.3","11.79M","0.23%"
"12/06/2018","1,026.3","1,038.3","1,042.7","1,022.0","13.08M","-1.16%"
"12/05/2018","1,038.3","1,040.0","1,044.3","1,030.7","12.60M","-2.39%"
"12/04/2018","1,063.7","1,100.0","1,100.0","1,062.3","14.23M","-2.39%"
"12/03/2018","1,089.7","1,083.3","1,094.7","1,071.3","11.85M","2.10%"
"11/30/2018","1,067.3","1,057.0","1,074.7","1,053.7","18.56M","1.91%"
"11/29/2018","1,047.3","1,052.3","1,058.0","1,046.3","11.02M","-0.61%"
"11/28/2018","1,053.7","1,068.3","1,069.7","1,046.3","10.85M","-1.37%"
"11/27/2018","1,068.3","1,066.0","1,074.3","1,059.7","12.78M","1.48%"
"11/26/2018","1,052.7","1,045.3","1,054.0","1,038.0","8.12M","0.00%"
"11/22/2018","1,052.7","1,048.7","1,056.3","1,045.7","8.19M","0.38%"
"11/21/2018","1,048.7","1,035.7","1,050.7","1,033.7","12.06M","-0.63%"
"11/20/2018","1,055.3","1,049.3","1,063.7","1,048.3","9.79M","-0.42%"
"11/19/2018","1,059.7","1,059.7","1,066.3","1,050.3","7.39M","-0.15%"
"11/16/2018","1,061.3","1,070.3","1,077.0","1,057.0","9.29M","-0.69%"
"11/15/2018","1,068.7","1,073.3","1,073.3","1,061.3","8.47M","-0.52%"
"11/14/2018","1,074.3","1,074.3","1,097.3","1,071.7","13.03M","0.40%"
"11/13/2018","1,070.0","1,070.7","1,073.0","1,052.7","12.11M","-2.19%"
"11/12/2018","1,094.0","1,084.0","1,094.3","1,081.3","7.83M","0.06%"
"11/09/2018","1,093.3","1,088.7","1,097.0","1,081.7","10.12M","0.49%"
"11/08/2018","1,088.0","1,095.7","1,096.0","1,083.3","10.68M","1.09%"
"11/07/2018","1,076.3","1,098.3","1,103.3","1,071.3","18.08M","-2.66%"
"11/06/2018","1,105.7","1,078.0","1,107.7","1,077.3","14.20M","3.14%"
"11/05/2018","1,072.0","1,066.3","1,080.7","1,054.7","11.13M","-0.99%"
"11/02/2018","1,082.7","1,086.0","1,088.7","1,065.7","20.85M","-0.09%"
"11/01/2018","1,083.7","1,080.3","1,095.7","1,079.3","17.37M","0.31%"
"10/31/2018","1,080.3","1,045.0","1,080.3","1,040.3","31.24M","6.46%"
"10/30/2018","1,014.7","993.3","1,016.0","990.8","36.47M","1.98%"
"10/29/2018","995.0","999.8","1,009.7","992.0","12.32M","0.25%"
"10/26/2018","992.5","990.7","999.3","980.7","19.03M","1.74%"
"10/25/2018","975.5","983.3","988.7","972.0","17.32M","-3.06%"
"10/24/2018","1,006.3","1,020.0","1,020.0","1,001.0","14.70M","0.26%"
"10/23/2018","1,003.7","1,018.7","1,020.3","1,002.3","15.41M","-2.17%"
"10/22/2018","1,026.0","1,018.0","1,029.0","1,010.3","10.97M","0.42%"
"10/19/2018","1,021.7","1,019.0","1,021.7","1,011.3","11.72M","-0.93%"
"10/18/2018","1,031.3","1,033.3","1,036.0","1,027.0","14.86M","-0.10%"
"10/17/2018","1,032.3","1,028.0","1,035.3","1,024.0","13.62M","0.94%"
"10/16/2018","1,022.7","1,008.0","1,022.7","1,006.3","12.93M","1.89%"
"10/15/2018","1,003.7","1,020.0","1,020.7","1,003.3","16.23M","-2.62%"
"10/12/2018","1,030.7","1,018.0","1,030.7","1,017.3","18.35M","0.23%"
"10/11/2018","1,028.3","1,033.3","1,040.7","1,022.7","25.86M","-3.81%"
"10/10/2018","1,069.0","1,077.0","1,080.7","1,063.7","14.87M","-0.49%"
"10/09/2018","1,074.3","1,088.0","1,092.7","1,071.7","19.34M","-3.10%"
"10/05/2018","1,108.7","1,105.3","1,117.0","1,102.0","14.05M","-0.59%"
"10/04/2018","1,115.3","1,133.3","1,134.0","1,112.7","16.37M","0.23%"
"10/03/2018","1,112.7","1,142.7","1,147.0","1,112.7","22.32M","-4.24%"
"10/02/2018","1,162.0","1,155.3","1,167.3","1,152.3","18.58M","1.51%"
"10/01/2018","1,144.7","1,133.3","1,155.0","1,127.7","13.17M","-0.14%"
"09/28/2018","1,146.3","1,154.0","1,154.7","1,138.7","16.66M","0.93%"
"09/27/2018","1,135.7","1,156.7","1,161.3","1,135.3","17.48M","-0.58%"
"09/26/2018","1,142.3","1,150.7","1,159.7","1,133.3","18.84M","-2.53%"
"09/25/2018","1,172.0","1,166.7","1,173.0","1,152.7","18.64M","0.71%"
"09/21/2018","1,163.7","1,147.7","1,163.7","1,142.7","24.96M","2.14%"
"09/20/2018","1,139.3","1,141.7","1,142.7","1,126.7","14.04M","1.03%"
"09/19/2018","1,127.7","1,106.0","1,131.3","1,104.0","16.21M","3.01%"
"09/18/2018","1,094.7","1,064.0","1,095.0","1,063.7","19.68M","2.09%"
"09/14/2018","1,072.3","1,063.0","1,073.0","1,060.0","20.20M","1.23%"
"09/13/2018","1,059.3","1,043.7","1,062.0","1,041.0","12.06M","1.95%"
"09/12/2018","1,039.0","1,051.7","1,051.7","1,035.7","12.63M","-1.80%"
"09/11/2018","1,058.0","1,055.0","1,060.3","1,047.3","10.61M","0.47%"
"09/10/2018","1,053.0","1,046.7","1,056.0","1,044.3","9.01M","-0.44%"
"09/07/2018","1,057.7","1,073.7","1,073.7","1,048.7","11.71M","-0.31%"
"09/06/2018","1,061.0","1,062.7","1,068.3","1,057.7","10.21M","-0.03%"
"09/05/2018","1,061.3","1,072.3","1,072.3","1,060.3","12.09M","-1.06%"
"09/04/2018","1,072.7","1,085.3","1,085.3","1,069.3","9.86M","-1.16%"
"09/03/2018","1,085.3","1,092.7","1,095.7","1,082.0","8.02M","-1.09%"
"08/31/2018","1,097.3","1,106.7","1,107.0","1,097.0","13.04M","-1.91%"
"08/30/2018","1,118.7","1,136.0","1,137.7","1,118.7","10.59M","-1.15%"
"08/29/2018","1,131.7","1,125.7","1,136.0","1,122.3","8.02M","0.53%"
"08/28/2018","1,125.7","1,136.7","1,140.0","1,125.7","11.16M","1.26%"
"08/27/2018","1,111.7","1,103.0","1,115.7","1,102.7","5.85M","1.37%"
"08/24/2018","1,096.7","1,103.3","1,108.7","1,094.3","7.13M","-0.84%"
"08/23/2018","1,106.0","1,118.7","1,121.7","1,103.7","9.63M","-1.95%"
"08/22/2018","1,128.0","1,115.3","1,131.0","1,112.3","9.88M","1.90%"
"08/21/2018","1,107.0","1,105.0","1,111.3","1,098.0","10.18M","0.21%"
"08/20/2018","1,104.7","1,103.3","1,107.0","1,096.7","7.93M","0.04%"
"08/17/2018","1,104.3","1,116.7","1,117.0","1,100.7","9.22M","0.64%"
"08/16/2018","1,097.3","1,094.3","1,100.0","1,079.7","11.12M","0.18%"
"08/15/2018","1,095.3","1,109.7","1,117.7","1,089.7","8.88M","-1.50%"
"08/14/2018","1,112.0","1,105.0","1,112.3","1,094.7","7.32M","1.95%"
"08/13/2018","1,090.7","1,114.3","1,116.0","1,088.3","11.26M","-2.85%"
"08/10/2018","1,122.7","1,132.7","1,135.3","1,122.0","10.26M","-0.38%"
"08/09/2018","1,127.0","1,140.0","1,140.0","1,125.0","8.00M","-1.29%"
"08/08/2018","1,141.7","1,150.0","1,151.7","1,139.0","10.04M","-0.05%"
"08/07/2018","1,142.3","1,132.7","1,142.3","1,127.3","9.94M","1.03%"
"08/06/2018","1,130.7","1,135.0","1,145.3","1,126.7","7.52M","0.36%"
"08/03/2018","1,126.7","1,130.3","1,135.7","1,124.0","10.81M","0.75%"
"08/02/2018","1,118.3","1,137.0","1,147.7","1,115.7","16.03M","-2.87%"
"08/01/2018","1,151.3","1,165.0","1,165.0","1,143.7","14.78M","2.95%"
"07/31/2018","1,118.3","1,131.3","1,134.7","1,117.3","14.02M","-0.57%"
"07/30/2018","1,124.7","1,123.0","1,128.7","1,122.3","7.27M","0.27%"
"07/27/2018","1,121.7","1,118.3","1,121.7","1,114.0","10.82M","0.66%"
"07/26/2018","1,114.3","1,123.3","1,126.3","1,107.7","12.29M","0.48%"
"07/25/2018","1,109.0","1,101.7","1,110.7","1,098.7","10.35M","1.03%"
"07/24/2018","1,097.7","1,099.3","1,102.7","1,095.0","8.98M","1.24%"
"07/23/2018","1,084.3","1,082.7","1,092.7","1,078.3","11.03M","-1.18%"
"07/20/2018","1,097.3","1,100.7","1,106.3","1,090.7","12.72M","-0.94%"
"07/19/2018","1,107.7","1,105.3","1,115.0","1,099.3","9.88M","-0.27%"
"07/18/2018","1,110.7","1,122.3","1,125.3","1,110.7","13.70M","0.27%"
"07/17/2018","1,107.7","1,094.3","1,116.0","1,086.7","14.34M","0.95%"
"07/13/2018","1,097.3","1,087.0","1,102.0","1,084.0","14.55M","1.01%"
"07/12/2018","1,086.3","1,082.3","1,091.3","1,073.3","12.40M","0.65%"
"07/11/2018","1,079.3","1,080.3","1,084.0","1,068.7","12.11M","-1.07%"
"07/10/2018","1,091.0","1,093.3","1,100.7","1,086.3","15.99M","1.02%"
"07/09/2018","1,080.0","1,075.7","1,083.3","1,072.7","11.58M","0.37%"
"07/06/2018","1,076.0","1,071.7","1,086.7","1,071.0","17.45M","1.39%"
"07/05/2018","1,061.3","1,065.0","1,072.7","1,058.0","11.20M","-0.13%"
"07/04/2018","1,062.7","1,060.3","1,070.7","1,057.0","11.37M","-0.68%"
"07/03/2018","1,070.0","1,076.0","1,076.0","1,061.0","13.46M","0.50%"
"07/02/2018","1,064.7","1,075.7","1,084.7","1,062.0","14.36M","-1.81%"
"06/29/2018","1,084.3","1,069.7","1,084.3","1,067.0","14.30M","0.74%"
"06/28/2018","1,076.3","1,070.7","1,083.3","1,069.3","15.73M","0.12%"
"06/27/2018","1,075.0","1,095.7","1,096.0","1,073.3","16.40M","-2.83%"
"06/26/2018","1,106.3","1,094.3","1,108.3","1,084.0","13.61M","0.27%"
"06/25/2018","1,103.3","1,117.0","1,117.0","1,102.0","9.88M","-0.96%"
"06/22/2018","1,114.0","1,122.0","1,122.0","1,105.3","16.39M","-1.96%"
"06/21/2018","1,136.3","1,133.7","1,143.3","1,128.3","11.02M","-0.35%"
"06/20/2018","1,140.3","1,143.3","1,143.7","1,123.3","15.04M","-0.35%"
"06/19/2018","1,144.3","1,152.0","1,157.7","1,143.3","14.24M","-1.55%"
"06/18/2018","1,162.3","1,171.7","1,174.7","1,159.3","9.23M","-1.31%"
"06/15/2018","1,177.7","1,186.7","1,187.3","1,172.7","14.02M","-0.30%"
"06/14/2018","1,181.3","1,193.3","1,196.3","1,181.3","11.03M","-1.50%"
"06/13/2018","1,199.3","1,192.7","1,200.3","1,190.7","11.00M","1.21%"
"06/12/2018","1,185.0","1,205.7","1,206.3","1,184.0","10.40M","-0.56%"
"06/11/2018","1,191.7","1,172.3","1,192.7","1,172.3","11.84M","1.65%"
"06/08/2018","1,172.3","1,178.7","1,189.0","1,172.0","20.47M","-0.54%"
"06/07/2018","1,178.7","1,181.3","1,185.3","1,177.7","12.10M","0.74%"
"06/06/2018","1,170.0","1,173.7","1,180.3","1,166.3","13.25M","0.03%"
"06/05/2018","1,169.7","1,175.3","1,175.7","1,157.0","12.41M","-1.12%"
"06/04/2018","1,183.0","1,169.3","1,186.3","1,165.3","10.38M","2.40%"
"06/01/2018","1,155.3","1,157.0","1,163.0","1,144.3","14.65M","0.55%"
"05/31/2018","1,149.0","1,140.0","1,157.3","1,137.0","36.97M","0.85%"
"05/30/2018","1,139.3","1,148.0","1,148.0","1,135.0","16.53M","-3.31%"
"05/29/2018","1,178.3","1,178.0","1,182.3","1,170.3","8.67M","-0.06%"
"05/28/2018","1,179.0","1,171.7","1,179.3","1,163.7","10.48M","1.11%"
"05/25/2018","1,166.0","1,177.0","1,178.3","1,164.3","13.01M","-0.93%"
"05/24/2018","1,177.0","1,210.0","1,214.7","1,172.3","17.34M","-3.39%"
"05/23/2018","1,218.3","1,220.0","1,228.7","1,211.7","11.12M","-1.03%"
"05/22/2018","1,231.0","1,229.0","1,233.7","1,225.7","7.93M","0.11%"
"05/21/2018","1,229.7","1,230.0","1,238.7","1,228.3","9.95M","-0.43%"
"05/18/2018","1,235.0","1,225.0","1,236.0","1,221.7","10.29M","1.25%"
"05/17/2018","1,219.7","1,217.7","1,222.7","1,216.7","9.30M","0.53%"
"05/16/2018","1,213.3","1,206.7","1,219.0","1,206.7","10.26M","-0.14%"
"05/15/2018","1,215.0","1,210.3","1,224.0","1,206.3","11.14M","-0.52%"
"05/14/2018","1,221.3","1,200.0","1,224.0","1,194.7","12.40M","1.13%"
"05/11/2018","1,207.7","1,188.7","1,208.7","1,187.7","13.91M","2.06%"
"05/10/2018","1,183.3","1,190.3","1,194.7","1,181.7","10.61M","0.08%"
"05/09/2018","1,182.3","1,200.0","1,203.3","1,180.7","15.73M","-2.29%"
"05/08/2018","1,210.0","1,209.7","1,216.7","1,204.7","10.38M","0.31%"
"05/07/2018","1,206.3","1,223.3","1,223.3","1,200.0","11.38M","-0.61%"
"05/02/2018","1,213.7","1,246.7","1,246.7","1,210.3","12.82M","-2.38%"
"05/01/2018","1,243.3","1,266.7","1,267.3","1,237.3","15.10M","-0.99%"
"04/27/2018","1,255.7","1,275.7","1,278.7","1,248.0","13.55M","-0.79%"
"04/26/2018","1,265.7","1,264.7","1,269.3","1,259.3","11.86M","0.32%"
"04/25/2018","1,261.7","1,240.3","1,262.3","1,239.3","10.21M","1.20%"
"04/24/2018","1,246.7","1,241.7","1,248.3","1,238.3","12.09M","1.77%"
"04/23/2018","1,225.0","1,227.3","1,231.3","1,223.7","8.38M","-0.19%"
"04/20/2018","1,227.3","1,232.7","1,237.3","1,225.0","11.76M","-0.24%"
"04/19/2018","1,230.3","1,243.3","1,244.7","1,230.0","13.88M","-0.70%"
"04/18/2018","1,239.0","1,245.0","1,250.3","1,232.3","14.90M","-1.06%"
"04/17/2018","1,252.3","1,258.3","1,262.7","1,252.3","10.61M","-0.67%"
"04/16/2018","1,260.7","1,257.7","1,263.3","1,253.0","6.91M","0.24%"
"04/13/2018","1,257.7","1,253.7","1,268.3","1,250.7","9.73M","1.02%"
"04/12/2018","1,245.0","1,254.7","1,256.0","1,238.0","10.97M","-1.25%"
"04/11/2018","1,260.7","1,256.0","1,271.7","1,252.7","11.91M","-0.05%"
"04/10/2018","1,261.3","1,233.3","1,267.7","1,225.7","18.05M","2.60%"
"04/09/2018","1,229.3","1,223.3","1,234.0","1,219.7","7.57M","0.19%"
"04/06/2018","1,227.0","1,240.3","1,246.3","1,225.3","13.09M","-0.54%"
"04/05/2018","1,233.7","1,234.7","1,241.0","1,219.7","11.54M","1.06%"
"04/04/2018","1,220.7","1,212.3","1,226.3","1,207.7","12.27M","1.30%"
"04/03/2018","1,205.0","1,199.0","1,209.7","1,193.7","10.80M","-0.74%"
"04/02/2018","1,214.0","1,220.0","1,228.7","1,214.0","7.40M","-0.49%"
"03/30/2018","1,220.0","1,228.0","1,228.7","1,212.0","11.67M","0.52%"
"03/29/2018","1,213.7","1,231.7","1,233.3","1,197.7","16.96M","-0.35%"
"03/28/2018","1,218.0","1,190.3","1,218.7","1,179.7","21.90M","1.05%"
"03/27/2018","1,205.3","1,178.3","1,205.3","1,169.0","18.62M","3.70%"
"03/26/2018","1,162.3","1,144.7","1,162.3","1,142.3","19.78M","0.46%"
"03/23/2018","1,157.0","1,180.7","1,184.0","1,153.3","25.76M","-5.26%"
"03/22/2018","1,221.3","1,220.3","1,224.0","1,207.0","16.45M","0.60%"
"03/20/2018","1,214.0","1,214.3","1,218.3","1,207.0","10.15M","0.08%"
"03/19/2018","1,213.0","1,219.3","1,224.7","1,211.7","8.81M","-1.06%"
"03/16/2018","1,226.0","1,232.0","1,233.0","1,221.7","18.92M","-0.43%"
"03/15/2018","1,231.3","1,220.7","1,232.7","1,218.0","9.02M","0.19%"
"03/14/2018","1,229.0","1,228.7","1,237.3","1,226.3","9.77M","-0.57%"
"03/13/2018","1,236.0","1,229.0","1,236.7","1,219.7","10.82M","-0.83%"
"03/12/2018","1,246.3","1,233.7","1,247.3","1,231.0","12.28M","3.20%"
"03/09/2018","1,207.7","1,225.7","1,233.3","1,204.0","24.54M","-1.17%"
"03/08/2018","1,222.0","1,227.0","1,231.0","1,215.0","12.33M","0.88%"
"03/07/2018","1,211.3","1,216.3","1,230.7","1,209.3","14.43M","-0.88%"
"03/06/2018","1,222.0","1,233.3","1,241.0","1,218.7","12.13M","1.60%"
"03/05/2018","1,202.7","1,215.7","1,219.3","1,198.3","18.67M","-2.12%"
"03/02/2018","1,228.7","1,253.7","1,253.7","1,225.3","19.87M","-3.78%"
"03/01/2018","1,277.0","1,284.0","1,287.0","1,274.0","13.79M","-1.39%"
"02/28/2018","1,295.0","1,314.7","1,318.7","1,294.7","14.45M","-2.19%"
"02/27/2018","1,324.0","1,307.3","1,330.7","1,307.0","15.20M","2.03%"
"02/26/2018","1,297.7","1,285.3","1,305.7","1,282.0","10.83M","1.25%"
"02/23/2018","1,281.7","1,278.0","1,283.0","1,272.0","12.66M","1.00%"
"02/22/2018","1,269.0","1,269.3","1,269.3","1,254.0","14.11M","-1.04%"
"02/21/2018","1,282.3","1,280.0","1,285.3","1,272.7","16.33M","1.63%"
"02/20/2018","1,261.7","1,275.7","1,277.3","1,254.7","11.27M","-1.71%"
"02/19/2018","1,283.7","1,266.0","1,283.7","1,263.7","12.43M","2.04%"
"02/16/2018","1,258.0","1,259.7","1,275.0","1,255.3","16.68M","1.07%"
"02/15/2018","1,244.7","1,244.0","1,251.0","1,234.3","12.50M","1.28%"
"02/14/2018","1,229.0","1,245.0","1,251.7","1,217.7","19.88M","-1.15%"
"02/13/2018","1,243.3","1,266.0","1,272.7","1,241.3","23.30M","-1.72%"
"02/09/2018","1,265.0","1,250.3","1,265.3","1,246.7","25.07M","-2.01%"
"02/08/2018","1,291.0","1,294.7","1,309.0","1,283.0","22.87M","0.86%"
"02/07/2018","1,280.0","1,311.0","1,315.7","1,279.7","27.02M","0.79%"
"02/06/2018","1,270.0","1,277.0","1,277.0","1,241.0","31.96M","-4.06%"
"02/05/2018","1,323.7","1,327.7","1,343.3","1,315.3","29.53M","2.08%"
"02/02/2018","1,296.7","1,286.0","1,300.0","1,280.0","17.04M","0.81%"
"02/01/2018","1,286.3","1,283.3","1,290.3","1,281.3","14.13M","0.86%"
"01/31/2018","1,275.3","1,296.7","1,296.7","1,272.3","18.86M","-2.52%"
"01/30/2018","1,308.3","1,319.3","1,328.3","1,305.3","11.97M","-0.56%"
"01/29/2018","1,315.7","1,307.3","1,325.3","1,299.7","9.32M","0.36%"
"01/26/2018","1,311.0","1,316.7","1,322.7","1,310.3","9.95M","-0.23%"
"01/25/2018","1,314.0","1,314.3","1,317.7","1,308.3","12.82M","-1.30%"
"01/24/2018","1,331.3","1,341.7","1,343.7","1,331.0","8.64M","-1.44%"
"01/23/2018","1,350.7","1,331.0","1,355.3","1,330.3","10.99M","1.81%"
"01/22/2018","1,326.7","1,333.3","1,333.3","1,320.0","8.49M","-0.57%"
"01/19/2018","1,334.3","1,331.0","1,339.0","1,327.0","8.97M","0.65%"
"01/18/2018","1,325.7","1,345.7","1,347.7","1,323.7","14.20M","-1.05%"
"01/17/2018","1,339.7","1,329.7","1,339.7","1,325.7","10.96M","0.75%"
"01/16/2018","1,329.7","1,327.7","1,332.7","1,321.7","8.95M","0.20%"
"01/15/2018","1,327.0","1,333.3","1,335.3","1,323.7","8.93M","0.33%"
"01/12/2018","1,322.7","1,335.0","1,336.7","1,322.0","15.02M","-1.44%"
"01/11/2018","1,342.0","1,345.0","1,351.7","1,332.7","12.09M","-1.85%"
"01/10/2018","1,367.3","1,345.0","1,383.7","1,342.7","14.08M","2.29%"
"01/09/2018","1,336.7","1,347.3","1,352.3","1,332.3","10.34M","-0.27%"
"01/05/2018","1,340.3","1,333.3","1,351.3","1,330.0","14.30M","0.87%"
"01/04/2018","1,328.7","1,308.3","1,328.7","1,302.0","14.89M","3.22%"